strategy,cov_method,allocator,ann_return,ann_volatility,sharpe,sharpe_net,ann_return_net,sortino,max_drawdown,calmar,var_95,cvar_95,skew,excess_kurtosis,ulcer,avg_turnover,total_turnover,n_rebalances,avg_vol_exante,avg_enb,avg_dr,avg_weight_hhi,total_cost
sample+equal_weight,sample,equal_weight,0.095048,0.167495,0.634706,0.633246,0.094778,0.835766,0.280438,0.338928,0.042936,0.124763,-2.469341,16.151447,0.067382,0.020799,1.622297,78,0.009395,12.755547,1.405249,0.062500,0.001622
sample+inverse_variance,sample,inverse_variance,0.036850,0.119183,0.366133,0.362866,0.036442,0.472084,0.190198,0.193743,0.041216,0.093271,-2.142730,12.375638,0.068182,0.033023,2.575761,78,0.005529,14.264592,1.679073,0.168792,0.002576
sample+minimum_variance,sample,minimum_variance,0.029346,0.105165,0.328913,0.322476,0.028639,0.442529,0.174860,0.167825,0.033794,0.077255,-1.426834,9.533495,0.067147,0.057698,4.500437,78,0.004860,5.255054,1.838559,0.194905,0.004500
sample+risk_parity,sample,risk_parity,0.046666,0.114553,0.457905,0.454877,0.046300,0.606257,0.178762,0.261050,0.041124,0.088046,-1.849941,9.931245,0.064297,0.029391,2.292503,78,0.005783,16.000000,1.756337,0.127055,0.002293
sample+hrp,sample,hrp,0.021869,0.104027,0.261403,0.253255,0.021001,0.342023,0.208919,0.104676,0.039094,0.079743,-1.708689,8.975562,0.086168,0.071022,5.539750,78,0.004834,9.118829,1.727691,0.227582,0.005540
sample+max_diversification,sample,max_diversification,0.032330,0.096019,0.380793,0.369596,0.031211,0.493638,0.166206,0.194521,0.037216,0.075593,-1.769705,7.295933,0.061675,0.090944,7.093625,78,0.005187,5.359632,1.990132,0.266126,0.007094
ledoit_wolf+equal_weight,ledoit_wolf,equal_weight,0.095048,0.167495,0.634706,0.633246,0.094778,0.835766,0.280438,0.338928,0.042936,0.124763,-2.469341,16.151447,0.067382,0.020799,1.622297,78,0.009204,12.783246,1.435755,0.062500,0.001622
ledoit_wolf+inverse_variance,ledoit_wolf,inverse_variance,0.053323,0.126882,0.476187,0.473390,0.052943,0.631990,0.198953,0.268019,0.041509,0.096337,-1.889549,12.480446,0.066211,0.030448,2.374909,78,0.006117,14.324762,1.669094,0.122999,0.002375
ledoit_wolf+minimum_variance,ledoit_wolf,minimum_variance,0.030976,0.105498,0.343222,0.337042,0.030295,0.463449,0.174512,0.177500,0.033509,0.077294,-1.402400,9.575758,0.066840,0.055529,4.331290,78,0.004908,5.494402,1.884278,0.189949,0.004331
ledoit_wolf+risk_parity,ledoit_wolf,risk_parity,0.053580,0.118933,0.500901,0.498167,0.053234,0.675362,0.178823,0.299624,0.041208,0.089535,-1.666057,10.110983,0.063747,0.027602,2.152917,78,0.006005,16.000000,1.788891,0.106872,0.002153
ledoit_wolf+hrp,ledoit_wolf,hrp,0.033638,0.109903,0.357647,0.349794,0.032744,0.478317,0.183810,0.183002,0.039482,0.082526,-1.566344,9.517496,0.067693,0.072332,5.641933,78,0.005193,10.126961,1.780737,0.175636,0.005642
ledoit_wolf+max_diversification,ledoit_wolf,max_diversification,0.036623,0.104318,0.398655,0.390130,0.035693,0.527768,0.160216,0.228582,0.036218,0.078488,-1.687137,9.816974,0.058189,0.075296,5.873114,78,0.005363,6.188832,2.012163,0.184750,0.005873
constant_corr+equal_weight,constant_corr,equal_weight,0.095048,0.167495,0.634706,0.633246,0.094778,0.835766,0.280438,0.338928,0.042936,0.124763,-2.469341,16.151447,0.067382,0.020799,1.622297,78,0.009370,12.775402,1.406074,0.062500,0.001622
constant_corr+inverse_variance,constant_corr,inverse_variance,0.036850,0.119183,0.366133,0.362866,0.036442,0.472084,0.190198,0.193743,0.041216,0.093271,-2.142730,12.375639,0.068182,0.033023,2.575761,78,0.005526,14.281139,1.676448,0.168792,0.002576
constant_corr+minimum_variance,constant_corr,minimum_variance,0.029073,0.105139,0.326421,0.320008,0.028370,0.439489,0.174781,0.166339,0.033846,0.077186,-1.411281,9.489915,0.067095,0.057452,4.481272,78,0.004867,5.263357,1.830250,0.194713,0.004481
constant_corr+risk_parity,constant_corr,risk_parity,0.046848,0.114935,0.458295,0.455280,0.046482,0.607209,0.178790,0.262027,0.041124,0.088234,-1.841847,10.000338,0.064274,0.029344,2.288806,78,0.005793,16.000000,1.750906,0.126413,0.002289
constant_corr+hrp,constant_corr,hrp,0.021477,0.104380,0.257192,0.249202,0.020623,0.336140,0.215209,0.099794,0.039372,0.079786,-1.698367,8.865440,0.089688,0.069879,5.450549,78,0.004833,9.114945,1.724388,0.227940,0.005451
constant_corr+max_diversification,constant_corr,max_diversification,0.032817,0.097198,0.382239,0.371250,0.031705,0.496832,0.166116,0.197555,0.037216,0.076219,-1.750284,7.550526,0.061481,0.090276,7.041510,78,0.005207,5.422083,1.980820,0.262206,0.007042
rmt_hard+equal_weight,rmt_hard,equal_weight,0.095048,0.167495,0.634706,0.633246,0.094778,0.835766,0.280438,0.338928,0.042936,0.124763,-2.469341,16.151447,0.067382,0.020799,1.622297,78,0.009396,12.755473,1.403608,0.062500,0.001622
rmt_hard+inverse_variance,rmt_hard,inverse_variance,0.036439,0.120595,0.360213,0.356878,0.036018,0.461709,0.194769,0.187087,0.041364,0.094741,-2.234821,12.927973,0.068587,0.034118,2.661179,78,0.005557,14.287113,1.677486,0.166022,0.002661
rmt_hard+minimum_variance,rmt_hard,minimum_variance,0.029186,0.106402,0.325019,0.318401,0.028450,0.434110,0.173133,0.168574,0.033696,0.078537,-1.526370,9.959010,0.066806,0.060202,4.695790,78,0.004853,5.175349,1.842153,0.196859,0.004696
rmt_hard+risk_parity,rmt_hard,risk_parity,0.046687,0.114553,0.458081,0.455051,0.046321,0.606561,0.178625,0.261370,0.041117,0.088031,-1.848849,9.930372,0.064224,0.029402,2.293385,78,0.005781,16.000000,1.757374,0.127147,0.002293
rmt_hard+hrp,rmt_hard,hrp,0.023837,0.105011,0.278358,0.269514,0.022882,0.364294,0.210231,0.113387,0.041083,0.080224,-1.732690,8.987110,0.084877,0.078214,6.100704,78,0.004854,9.233026,1.727118,0.223621,0.006101
rmt_hard+max_diversification,rmt_hard,max_diversification,0.032608,0.096889,0.381131,0.369473,0.031435,0.495035,0.160519,0.203143,0.037433,0.074946,-1.830384,8.235143,0.059001,0.095182,7.424163,78,0.005083,5.396956,1.992306,0.249878,0.007424
rmt_soft+equal_weight,rmt_soft,equal_weight,0.095048,0.167495,0.634706,0.633246,0.094778,0.835766,0.280438,0.338928,0.042936,0.124763,-2.469341,16.151447,0.067382,0.020799,1.622297,78,0.009396,12.755020,1.411335,0.062500,0.001622
rmt_soft+inverse_variance,rmt_soft,inverse_variance,0.036428,0.120013,0.361200,0.357915,0.036016,0.463867,0.193192,0.188559,0.041280,0.094110,-2.206055,12.772715,0.068409,0.033432,2.607719,78,0.005537,14.296103,1.688007,0.167569,0.002608
rmt_soft+minimum_variance,rmt_soft,minimum_variance,0.029622,0.105367,0.331070,0.324704,0.028922,0.444907,0.174027,0.170215,0.033779,0.077513,-1.450888,9.657047,0.066787,0.057170,4.459287,78,0.004863,5.245282,1.842690,0.195092,0.004459
rmt_soft+risk_parity,rmt_soft,risk_parity,0.046671,0.114562,0.457923,0.454899,0.046305,0.606294,0.178716,0.261148,0.041120,0.088045,-1.850217,9.937983,0.064277,0.029361,2.290162,78,0.005782,16.000000,1.764388,0.127109,0.002290
rmt_soft+hrp,rmt_soft,hrp,0.021525,0.104289,0.257787,0.249683,0.020658,0.336995,0.213509,0.100817,0.039145,0.079781,-1.704291,8.903579,0.088894,0.071286,5.560346,78,0.004840,9.144316,1.737238,0.226342,0.005560
rmt_soft+max_diversification,rmt_soft,max_diversification,0.032703,0.096753,0.382501,0.371160,0.031563,0.495768,0.163538,0.199969,0.037174,0.075515,-1.860384,8.331955,0.060774,0.092460,7.211853,78,0.005124,5.536094,1.992488,0.251651,0.007212
rmt_rie+equal_weight,rmt_rie,equal_weight,0.095048,0.167495,0.634706,0.633246,0.094778,0.835766,0.280438,0.338928,0.042936,0.124763,-2.469341,16.151447,0.067382,0.020799,1.622297,78,0.008829,12.756594,1.439244,0.062500,0.001622
rmt_rie+inverse_variance,rmt_rie,inverse_variance,0.036539,0.118651,0.364592,0.361297,0.036130,0.471157,0.188095,0.194256,0.041320,0.092720,-2.093810,12.069228,0.068518,0.033114,2.582862,78,0.005182,14.217968,1.714996,0.171205,0.002583
rmt_rie+minimum_variance,rmt_rie,minimum_variance,0.027200,0.105464,0.308419,0.301971,0.026493,0.414469,0.179499,0.151534,0.033984,0.077784,-1.386849,9.245200,0.070115,0.057859,4.512989,78,0.004612,5.416796,1.863382,0.190750,0.004513
rmt_rie+risk_parity,rmt_rie,risk_parity,0.046389,0.114998,0.454272,0.451257,0.046023,0.601522,0.180069,0.257617,0.041268,0.088486,-1.835048,9.877027,0.064933,0.029351,2.289339,78,0.005453,16.000000,1.790534,0.126221,0.002289
rmt_rie+hrp,rmt_rie,hrp,0.021467,0.103706,0.257987,0.249946,0.020614,0.338466,0.210205,0.102123,0.039432,0.079003,-1.636832,8.357514,0.086710,0.069747,5.440285,78,0.004544,9.073136,1.759708,0.230093,0.005440
rmt_rie+max_diversification,rmt_rie,max_diversification,0.033332,0.098866,0.382505,0.371661,0.032218,0.499913,0.168011,0.198391,0.037297,0.077484,-1.685875,7.502759,0.061540,0.090357,7.047847,78,0.004935,5.935737,2.008388,0.241845,0.007048
factor_model+equal_weight,factor_model,equal_weight,0.095048,0.167495,0.634706,0.633246,0.094778,0.835766,0.280438,0.338928,0.042936,0.124763,-2.469341,16.151447,0.067382,0.020799,1.622297,78,0.009472,12.737695,1.391222,0.062500,0.001622
factor_model+inverse_variance,factor_model,inverse_variance,0.036850,0.119183,0.366133,0.362866,0.036442,0.472084,0.190198,0.193743,0.041216,0.093271,-2.142730,12.375639,0.068182,0.033023,2.575761,78,0.005495,13.709883,1.700450,0.168792,0.002576
factor_model+minimum_variance,factor_model,minimum_variance,0.034913,0.100735,0.391896,0.384057,0.034085,0.546265,0.169284,0.206237,0.035283,0.071147,-1.022602,6.947331,0.064937,0.067090,5.233040,78,0.004603,4.983953,2.027620,0.197349,0.005233
factor_model+risk_parity,factor_model,risk_parity,0.041630,0.109548,0.428935,0.425542,0.041241,0.577124,0.180261,0.230946,0.040675,0.082160,-1.594044,8.562885,0.064700,0.031364,2.446407,78,0.005368,16.000000,1.889860,0.146013,0.002446
factor_model+hrp,factor_model,hrp,0.016800,0.101487,0.215847,0.207300,0.015916,0.286152,0.214881,0.078182,0.040622,0.075391,-1.391441,7.046742,0.093135,0.072787,5.677370,78,0.004628,8.627401,1.784311,0.255107,0.005677
factor_model+max_diversification,factor_model,max_diversification,0.023342,0.087640,0.307681,0.299775,0.022629,0.416859,0.155539,0.150072,0.037912,0.061053,-1.210689,5.314293,0.058348,0.058327,4.549514,78,0.004246,4.783840,2.310492,0.282747,0.004550
60_40,benchmark,benchmark,0.079040,0.119271,0.701178,0.701178,0.079040,0.971989,0.195235,0.404847,0.034982,0.081638,-1.707531,10.749159,0.067715,,,0,,,,,
