frequency,universe,estimator,allocator,window,cost_bps,sigma_method,sharpe,sharpe_net,ann_return_net,ann_volatility,max_drawdown,calmar,avg_turnover,avg_enb,avg_dr,sharpe_per_turnover
weekly,us_sector_etf,sample,equal_weight,252,10.000000,median_bulk,0.669091,0.666149,0.093789,0.151947,0.298648,0.315665,0.008746,12.757316,1.404375,76.166560
weekly,us_sector_etf,sample,inverse_variance,252,10.000000,median_bulk,0.476976,0.470949,0.041590,0.096416,0.192415,0.219288,0.011508,14.277846,1.677071,40.924648
weekly,us_sector_etf,sample,minimum_variance,252,10.000000,median_bulk,0.466965,0.453553,0.034922,0.083382,0.176761,0.204141,0.022314,5.260466,1.838552,20.326222
weekly,us_sector_etf,sample,risk_parity,252,10.000000,median_bulk,0.564714,0.558943,0.050455,0.096415,0.192928,0.264551,0.011039,16.000000,1.755119,50.631958
weekly,us_sector_etf,sample,hrp,252,10.000000,median_bulk,0.422945,0.400064,0.030005,0.082420,0.182550,0.175027,0.037479,9.112907,1.726728,10.674380
weekly,us_sector_etf,sample,max_diversification,252,10.000000,median_bulk,0.436494,0.415204,0.033331,0.088373,0.173614,0.203169,0.037255,5.361110,1.988739,11.144984
weekly,us_sector_etf,ledoit_wolf,equal_weight,252,10.000000,median_bulk,0.669091,0.666149,0.093789,0.151947,0.298648,0.315665,0.008746,12.785591,1.435466,76.166560
weekly,us_sector_etf,ledoit_wolf,inverse_variance,252,10.000000,median_bulk,0.548387,0.542967,0.054066,0.107668,0.197282,0.277144,0.011462,14.321332,1.667541,47.371171
weekly,us_sector_etf,ledoit_wolf,minimum_variance,252,10.000000,median_bulk,0.480263,0.467094,0.036172,0.083583,0.176117,0.211881,0.021915,5.503743,1.884714,21.314158
weekly,us_sector_etf,ledoit_wolf,risk_parity,252,10.000000,median_bulk,0.589374,0.583959,0.055486,0.101291,0.193070,0.290367,0.010815,16.000000,1.788325,53.994149
weekly,us_sector_etf,ledoit_wolf,hrp,252,10.000000,median_bulk,0.470244,0.449004,0.036800,0.089445,0.178155,0.217630,0.037735,10.153985,1.779211,11.898951
weekly,us_sector_etf,ledoit_wolf,max_diversification,252,10.000000,median_bulk,0.478152,0.461340,0.038245,0.090173,0.168352,0.236521,0.030081,6.201874,2.011257,15.336348
weekly,us_sector_etf,constant_corr,equal_weight,252,10.000000,median_bulk,0.669091,0.666149,0.093789,0.151947,0.298648,0.315665,0.008746,12.778044,1.405233,76.166560
weekly,us_sector_etf,constant_corr,inverse_variance,252,10.000000,median_bulk,0.476976,0.470949,0.041590,0.096416,0.192415,0.219288,0.011508,14.294420,1.674380,40.924648
weekly,us_sector_etf,constant_corr,minimum_variance,252,10.000000,median_bulk,0.465155,0.451774,0.034761,0.083364,0.176705,0.203280,0.022246,5.266979,1.829808,20.308129
weekly,us_sector_etf,constant_corr,risk_parity,252,10.000000,median_bulk,0.563174,0.557456,0.050489,0.096795,0.192892,0.264759,0.010978,16.000000,1.749496,50.779872
weekly,us_sector_etf,constant_corr,hrp,252,10.000000,median_bulk,0.429635,0.407166,0.030672,0.082613,0.184732,0.176414,0.036903,9.136695,1.723046,11.033434
weekly,us_sector_etf,constant_corr,max_diversification,252,10.000000,median_bulk,0.447541,0.426753,0.034442,0.088527,0.173532,0.209428,0.036419,5.425834,1.978968,11.717713
weekly,us_sector_etf,rmt_hard,equal_weight,252,10.000000,median_bulk,0.669091,0.666149,0.093789,0.151947,0.298648,0.315665,0.008746,12.757222,1.402745,76.166560
weekly,us_sector_etf,rmt_hard,inverse_variance,252,10.000000,median_bulk,0.474186,0.467935,0.041513,0.097003,0.191870,0.219648,0.012007,14.300855,1.675393,38.973262
weekly,us_sector_etf,rmt_hard,minimum_variance,252,10.000000,median_bulk,0.463954,0.449769,0.034696,0.083648,0.176142,0.203975,0.023663,5.183007,1.841694,19.007564
weekly,us_sector_etf,rmt_hard,risk_parity,252,10.000000,median_bulk,0.564899,0.559131,0.050466,0.096397,0.192801,0.264778,0.011034,16.000000,1.756206,50.674957
weekly,us_sector_etf,rmt_hard,hrp,252,10.000000,median_bulk,0.417641,0.393735,0.029536,0.082619,0.188425,0.167542,0.039154,9.230874,1.726908,10.056121
weekly,us_sector_etf,rmt_hard,max_diversification,252,10.000000,median_bulk,0.435480,0.412853,0.032487,0.086506,0.170103,0.202881,0.038869,5.423931,1.990770,10.621746
weekly,us_sector_etf,rmt_soft,equal_weight,252,10.000000,median_bulk,0.669091,0.666149,0.093789,0.151947,0.298648,0.315665,0.008746,12.756783,1.410569,76.166560
weekly,us_sector_etf,rmt_soft,inverse_variance,252,10.000000,median_bulk,0.474669,0.468585,0.041452,0.096673,0.191709,0.219412,0.011644,14.309684,1.686101,40.243563
weekly,us_sector_etf,rmt_soft,minimum_variance,252,10.000000,median_bulk,0.468388,0.454940,0.035066,0.083446,0.176389,0.205413,0.022379,5.252091,1.842597,20.328495
weekly,us_sector_etf,rmt_soft,risk_parity,252,10.000000,median_bulk,0.564889,0.559132,0.050468,0.096403,0.192888,0.264668,0.011011,16.000000,1.763284,50.777690
weekly,us_sector_etf,rmt_soft,hrp,252,10.000000,median_bulk,0.424740,0.402282,0.030193,0.082409,0.185139,0.173379,0.036698,9.184140,1.735622,10.962004
weekly,us_sector_etf,rmt_soft,max_diversification,252,10.000000,median_bulk,0.438215,0.416037,0.032806,0.086610,0.173987,0.199977,0.038180,5.556028,1.991059,10.896582
weekly,us_sector_etf,rmt_rie,equal_weight,252,10.000000,median_bulk,0.669091,0.666149,0.093789,0.151947,0.298648,0.315665,0.008746,12.758186,1.439103,76.166560
weekly,us_sector_etf,rmt_rie,inverse_variance,252,10.000000,median_bulk,0.473393,0.466834,0.041069,0.096134,0.193887,0.215202,0.012493,14.225431,1.712988,37.368152
weekly,us_sector_etf,rmt_rie,minimum_variance,252,10.000000,median_bulk,0.441284,0.427003,0.032774,0.083777,0.181900,0.186999,0.023867,5.418147,1.865999,17.890911
weekly,us_sector_etf,rmt_rie,risk_parity,252,10.000000,median_bulk,0.557910,0.551961,0.049891,0.096712,0.194542,0.259559,0.011425,16.000000,1.791113,48.313337
weekly,us_sector_etf,rmt_rie,hrp,252,10.000000,median_bulk,0.359982,0.336232,0.024737,0.082924,0.196634,0.136069,0.039056,9.080255,1.760060,8.608945
weekly,us_sector_etf,rmt_rie,max_diversification,252,10.000000,median_bulk,0.430673,0.406761,0.032565,0.088390,0.174515,0.199113,0.041924,5.922311,2.010978,9.702288
weekly,us_sector_etf,factor_model,equal_weight,252,10.000000,median_bulk,0.669091,0.666149,0.093789,0.151947,0.298648,0.315665,0.008746,12.739442,1.390416,76.166560
weekly,us_sector_etf,factor_model,inverse_variance,252,10.000000,median_bulk,0.476976,0.470949,0.041590,0.096416,0.192415,0.219288,0.011508,13.717475,1.697776,40.924648
weekly,us_sector_etf,factor_model,minimum_variance,252,10.000000,median_bulk,0.484139,0.468171,0.037440,0.086567,0.176490,0.220277,0.027485,5.005920,2.027857,17.033498
weekly,us_sector_etf,factor_model,risk_parity,252,10.000000,median_bulk,0.535004,0.528657,0.045732,0.092744,0.192400,0.240897,0.011711,16.000000,1.888107,45.140613
weekly,us_sector_etf,factor_model,hrp,252,10.000000,median_bulk,0.337359,0.313634,0.022332,0.080846,0.211118,0.115065,0.038013,8.662794,1.784335,8.250743
weekly,us_sector_etf,factor_model,max_diversification,252,10.000000,median_bulk,0.359369,0.346152,0.025551,0.082778,0.161174,0.165485,0.021689,4.790214,2.308980,15.959547
monthly,us_sector_etf,sample,equal_weight,252,10.000000,median_bulk,0.634706,0.633246,0.094778,0.167495,0.280438,0.338928,0.020799,12.755547,1.405249,30.446443
monthly,us_sector_etf,sample,inverse_variance,252,10.000000,median_bulk,0.366133,0.362866,0.036442,0.119183,0.190198,0.193743,0.033023,14.264592,1.679073,10.988413
monthly,us_sector_etf,sample,minimum_variance,252,10.000000,median_bulk,0.328913,0.322476,0.028639,0.105165,0.174860,0.167825,0.057698,5.255054,1.838559,5.589045
monthly,us_sector_etf,sample,risk_parity,252,10.000000,median_bulk,0.457905,0.454877,0.046300,0.114553,0.178762,0.261050,0.029391,16.000000,1.756337,15.476710
monthly,us_sector_etf,sample,hrp,252,10.000000,median_bulk,0.261403,0.253255,0.021001,0.104027,0.208919,0.104676,0.071022,9.118829,1.727691,3.565846
monthly,us_sector_etf,sample,max_diversification,252,10.000000,median_bulk,0.380793,0.369596,0.031211,0.096019,0.166206,0.194521,0.090944,5.359632,1.990132,4.064003
monthly,us_sector_etf,ledoit_wolf,equal_weight,252,10.000000,median_bulk,0.634706,0.633246,0.094778,0.167495,0.280438,0.338928,0.020799,12.783246,1.435755,30.446443
monthly,us_sector_etf,ledoit_wolf,inverse_variance,252,10.000000,median_bulk,0.476187,0.473390,0.052943,0.126882,0.198953,0.268019,0.030448,14.324762,1.669094,15.547718
monthly,us_sector_etf,ledoit_wolf,minimum_variance,252,10.000000,median_bulk,0.343222,0.337042,0.030295,0.105498,0.174512,0.177500,0.055529,5.494402,1.884278,6.069615
monthly,us_sector_etf,ledoit_wolf,risk_parity,252,10.000000,median_bulk,0.500901,0.498167,0.053234,0.118933,0.178823,0.299624,0.027602,16.000000,1.788891,18.048556
monthly,us_sector_etf,ledoit_wolf,hrp,252,10.000000,median_bulk,0.357647,0.349794,0.032744,0.109903,0.183810,0.183002,0.072332,10.126961,1.780737,4.835919
monthly,us_sector_etf,ledoit_wolf,max_diversification,252,10.000000,median_bulk,0.398655,0.390130,0.035693,0.104318,0.160216,0.228582,0.075296,6.188832,2.012163,5.181264
monthly,us_sector_etf,constant_corr,equal_weight,252,10.000000,median_bulk,0.634706,0.633246,0.094778,0.167495,0.280438,0.338928,0.020799,12.775402,1.406074,30.446443
monthly,us_sector_etf,constant_corr,inverse_variance,252,10.000000,median_bulk,0.366133,0.362866,0.036442,0.119183,0.190198,0.193743,0.033023,14.281139,1.676448,10.988413
monthly,us_sector_etf,constant_corr,minimum_variance,252,10.000000,median_bulk,0.326421,0.320008,0.028370,0.105139,0.174781,0.166339,0.057452,5.263357,1.830250,5.569988
monthly,us_sector_etf,constant_corr,risk_parity,252,10.000000,median_bulk,0.458295,0.455280,0.046482,0.114935,0.178790,0.262027,0.029344,16.000000,1.750906,15.515454
monthly,us_sector_etf,constant_corr,hrp,252,10.000000,median_bulk,0.257192,0.249202,0.020623,0.104380,0.215209,0.099794,0.069879,9.114945,1.724388,3.566195
monthly,us_sector_etf,constant_corr,max_diversification,252,10.000000,median_bulk,0.382239,0.371250,0.031705,0.097198,0.166116,0.197555,0.090276,5.422083,1.980820,4.112398
monthly,us_sector_etf,rmt_hard,equal_weight,252,10.000000,median_bulk,0.634706,0.633246,0.094778,0.167495,0.280438,0.338928,0.020799,12.755473,1.403608,30.446443
monthly,us_sector_etf,rmt_hard,inverse_variance,252,10.000000,median_bulk,0.360213,0.356878,0.036018,0.120595,0.194769,0.187087,0.034118,14.287113,1.677486,10.460203
monthly,us_sector_etf,rmt_hard,minimum_variance,252,10.000000,median_bulk,0.325019,0.318401,0.028450,0.106402,0.173133,0.168574,0.060202,5.175349,1.842153,5.288840
monthly,us_sector_etf,rmt_hard,risk_parity,252,10.000000,median_bulk,0.458081,0.455051,0.046321,0.114553,0.178625,0.261370,0.029402,16.000000,1.757374,15.476692
monthly,us_sector_etf,rmt_hard,hrp,252,10.000000,median_bulk,0.278358,0.269514,0.022882,0.105011,0.210231,0.113387,0.078214,9.233026,1.727118,3.445853
monthly,us_sector_etf,rmt_hard,max_diversification,252,10.000000,median_bulk,0.381131,0.369473,0.031435,0.096889,0.160519,0.203143,0.095182,5.396956,1.992306,3.881770
monthly,us_sector_etf,rmt_soft,equal_weight,252,10.000000,median_bulk,0.634706,0.633246,0.094778,0.167495,0.280438,0.338928,0.020799,12.755020,1.411335,30.446443
monthly,us_sector_etf,rmt_soft,inverse_variance,252,10.000000,median_bulk,0.361200,0.357915,0.036016,0.120013,0.193192,0.188559,0.033432,14.296103,1.688007,10.705681
monthly,us_sector_etf,rmt_soft,minimum_variance,252,10.000000,median_bulk,0.331070,0.324704,0.028922,0.105367,0.174027,0.170215,0.057170,5.245282,1.842690,5.679591
monthly,us_sector_etf,rmt_soft,risk_parity,252,10.000000,median_bulk,0.457923,0.454899,0.046305,0.114562,0.178716,0.261148,0.029361,16.000000,1.764388,15.493269
monthly,us_sector_etf,rmt_soft,hrp,252,10.000000,median_bulk,0.257787,0.249683,0.020658,0.104289,0.213509,0.100817,0.071286,9.144316,1.737238,3.502530
monthly,us_sector_etf,rmt_soft,max_diversification,252,10.000000,median_bulk,0.382501,0.371160,0.031563,0.096753,0.163538,0.199969,0.092460,5.536094,1.992488,4.014293
monthly,us_sector_etf,rmt_rie,equal_weight,252,10.000000,median_bulk,0.634706,0.633246,0.094778,0.167495,0.280438,0.338928,0.020799,12.756594,1.439244,30.446443
monthly,us_sector_etf,rmt_rie,inverse_variance,252,10.000000,median_bulk,0.364592,0.361297,0.036130,0.118651,0.188095,0.194256,0.033114,14.217968,1.714996,10.910817
monthly,us_sector_etf,rmt_rie,minimum_variance,252,10.000000,median_bulk,0.308419,0.301971,0.026493,0.105464,0.179499,0.151534,0.057859,5.416796,1.863382,5.219095
monthly,us_sector_etf,rmt_rie,risk_parity,252,10.000000,median_bulk,0.454272,0.451257,0.046023,0.114998,0.180069,0.257617,0.029351,16.000000,1.790534,15.374766
monthly,us_sector_etf,rmt_rie,hrp,252,10.000000,median_bulk,0.257987,0.249946,0.020614,0.103706,0.210205,0.102123,0.069747,9.073136,1.759708,3.583593
monthly,us_sector_etf,rmt_rie,max_diversification,252,10.000000,median_bulk,0.382505,0.371661,0.032218,0.098866,0.168011,0.198391,0.090357,5.935737,2.008388,4.113247
monthly,us_sector_etf,factor_model,equal_weight,252,10.000000,median_bulk,0.634706,0.633246,0.094778,0.167495,0.280438,0.338928,0.020799,12.737695,1.391222,30.446443
monthly,us_sector_etf,factor_model,inverse_variance,252,10.000000,median_bulk,0.366133,0.362866,0.036442,0.119183,0.190198,0.193743,0.033023,13.709883,1.700450,10.988413
monthly,us_sector_etf,factor_model,minimum_variance,252,10.000000,median_bulk,0.391896,0.384057,0.034085,0.100735,0.169284,0.206237,0.067090,4.983953,2.027620,5.724485
monthly,us_sector_etf,factor_model,risk_parity,252,10.000000,median_bulk,0.428935,0.425542,0.041241,0.109548,0.180261,0.230946,0.031364,16.000000,1.889860,13.567769
monthly,us_sector_etf,factor_model,hrp,252,10.000000,median_bulk,0.215847,0.207300,0.015916,0.101487,0.214881,0.078182,0.072787,8.627401,1.784311,2.848048
monthly,us_sector_etf,factor_model,max_diversification,252,10.000000,median_bulk,0.307681,0.299775,0.022629,0.087640,0.155539,0.150072,0.058327,4.783840,2.310492,5.139548
quarterly,us_sector_etf,sample,equal_weight,252,10.000000,median_bulk,0.606356,0.605397,0.094860,0.176581,0.249202,0.381412,0.044542,12.756771,1.401909,13.591731
quarterly,us_sector_etf,sample,inverse_variance,252,10.000000,median_bulk,0.450657,0.447674,0.043823,0.109194,0.143155,0.308505,0.082668,14.221254,1.683928,5.415322
quarterly,us_sector_etf,sample,minimum_variance,252,10.000000,median_bulk,0.403044,0.398752,0.036097,0.101936,0.151066,0.242121,0.118625,5.230905,1.842332,3.361438
quarterly,us_sector_etf,sample,risk_parity,252,10.000000,median_bulk,0.548830,0.546390,0.052694,0.104245,0.143369,0.369466,0.066787,16.000000,1.760722,8.181062
quarterly,us_sector_etf,sample,hrp,252,10.000000,median_bulk,0.392922,0.386827,0.030708,0.088238,0.148244,0.210897,0.136106,8.949666,1.734628,2.842109
quarterly,us_sector_etf,sample,max_diversification,252,10.000000,median_bulk,0.475083,0.466814,0.039094,0.091458,0.146491,0.272443,0.200140,5.306502,1.996344,2.332434
quarterly,us_sector_etf,ledoit_wolf,equal_weight,252,10.000000,median_bulk,0.606356,0.605397,0.094860,0.176581,0.249202,0.381412,0.044542,12.784426,1.432321,13.591731
quarterly,us_sector_etf,ledoit_wolf,inverse_variance,252,10.000000,median_bulk,0.526564,0.524289,0.058944,0.123967,0.145598,0.406953,0.074110,14.314509,1.671158,7.074505
quarterly,us_sector_etf,ledoit_wolf,minimum_variance,252,10.000000,median_bulk,0.418343,0.414201,0.037872,0.102409,0.150213,0.255215,0.114708,5.481009,1.887837,3.610926
quarterly,us_sector_etf,ledoit_wolf,risk_parity,252,10.000000,median_bulk,0.576376,0.574271,0.059403,0.111640,0.143234,0.416513,0.061776,16.000000,1.792649,9.296008
quarterly,us_sector_etf,ledoit_wolf,hrp,252,10.000000,median_bulk,0.458969,0.453680,0.040636,0.098524,0.146814,0.280524,0.133615,9.926430,1.790827,3.395427
quarterly,us_sector_etf,ledoit_wolf,max_diversification,252,10.000000,median_bulk,0.478782,0.472943,0.043485,0.101053,0.139681,0.315864,0.155254,6.165162,2.017345,3.046247
quarterly,us_sector_etf,constant_corr,equal_weight,252,10.000000,median_bulk,0.606356,0.605397,0.094860,0.176581,0.249202,0.381412,0.044542,12.777068,1.402816,13.591731
quarterly,us_sector_etf,constant_corr,inverse_variance,252,10.000000,median_bulk,0.450657,0.447674,0.043823,0.109194,0.143155,0.308505,0.082668,14.247486,1.680808,5.415322
quarterly,us_sector_etf,constant_corr,minimum_variance,252,10.000000,median_bulk,0.401642,0.397345,0.035824,0.101529,0.150887,0.240580,0.118057,5.239198,1.833050,3.365702
quarterly,us_sector_etf,constant_corr,risk_parity,252,10.000000,median_bulk,0.547995,0.545573,0.052946,0.104967,0.143358,0.371240,0.066613,16.000000,1.754257,8.190183
quarterly,us_sector_etf,constant_corr,hrp,252,10.000000,median_bulk,0.382578,0.376794,0.030187,0.089544,0.147893,0.207740,0.131507,8.967578,1.729913,2.865206
quarterly,us_sector_etf,constant_corr,max_diversification,252,10.000000,median_bulk,0.478486,0.470361,0.039903,0.092650,0.146279,0.278340,0.198913,5.383480,1.985858,2.364654
quarterly,us_sector_etf,rmt_hard,equal_weight,252,10.000000,median_bulk,0.606356,0.605397,0.094860,0.176581,0.249202,0.381412,0.044542,12.756755,1.400181,13.591731
quarterly,us_sector_etf,rmt_hard,inverse_variance,252,10.000000,median_bulk,0.446092,0.443078,0.043580,0.110013,0.142182,0.308952,0.084223,14.246952,1.682463,5.260763
quarterly,us_sector_etf,rmt_hard,minimum_variance,252,10.000000,median_bulk,0.412221,0.407880,0.036959,0.101640,0.147369,0.254086,0.120227,5.197096,1.847380,3.392596
quarterly,us_sector_etf,rmt_hard,risk_parity,252,10.000000,median_bulk,0.549086,0.546638,0.052719,0.104239,0.143145,0.370220,0.066949,16.000000,1.761741,8.164986
quarterly,us_sector_etf,rmt_hard,hrp,252,10.000000,median_bulk,0.380407,0.374738,0.029726,0.088621,0.148823,0.203246,0.127883,9.110429,1.733008,2.930319
quarterly,us_sector_etf,rmt_hard,max_diversification,252,10.000000,median_bulk,0.465406,0.457363,0.038038,0.090983,0.141029,0.275312,0.193521,5.359952,1.998725,2.363384
quarterly,us_sector_etf,rmt_soft,equal_weight,252,10.000000,median_bulk,0.606356,0.605397,0.094860,0.176581,0.249202,0.381412,0.044542,12.756205,1.407924,13.591731
quarterly,us_sector_etf,rmt_soft,inverse_variance,252,10.000000,median_bulk,0.447161,0.444162,0.043575,0.109631,0.142605,0.307972,0.083412,14.252778,1.692942,5.324894
quarterly,us_sector_etf,rmt_soft,minimum_variance,252,10.000000,median_bulk,0.409288,0.405037,0.036683,0.101701,0.149420,0.248674,0.117357,5.228167,1.846906,3.451314
quarterly,us_sector_etf,rmt_soft,risk_parity,252,10.000000,median_bulk,0.548906,0.546464,0.052706,0.104252,0.143274,0.369793,0.066842,16.000000,1.768729,8.175508
quarterly,us_sector_etf,rmt_soft,hrp,252,10.000000,median_bulk,0.374738,0.368915,0.029393,0.089315,0.147795,0.202536,0.132751,8.984781,1.742055,2.779006
quarterly,us_sector_etf,rmt_soft,max_diversification,252,10.000000,median_bulk,0.474531,0.466546,0.039213,0.091803,0.142878,0.279976,0.193363,5.503133,1.998948,2.412796
quarterly,us_sector_etf,rmt_rie,equal_weight,252,10.000000,median_bulk,0.606356,0.605397,0.094860,0.176581,0.249202,0.381412,0.044542,12.757917,1.435821,13.591731
quarterly,us_sector_etf,rmt_rie,inverse_variance,252,10.000000,median_bulk,0.451828,0.448829,0.043831,0.108821,0.143934,0.306893,0.082930,14.163435,1.719322,5.412126
quarterly,us_sector_etf,rmt_rie,minimum_variance,252,10.000000,median_bulk,0.397682,0.393315,0.035416,0.101562,0.154419,0.232471,0.119022,5.391454,1.867094,3.304565
quarterly,us_sector_etf,rmt_rie,risk_parity,252,10.000000,median_bulk,0.545718,0.543300,0.052600,0.104763,0.144376,0.366227,0.066508,16.000000,1.794447,8.169001
quarterly,us_sector_etf,rmt_rie,hrp,252,10.000000,median_bulk,0.382471,0.376934,0.029784,0.088173,0.139715,0.216815,0.124781,9.054896,1.761919,3.020776
quarterly,us_sector_etf,rmt_rie,max_diversification,252,10.000000,median_bulk,0.484422,0.476461,0.040861,0.093542,0.150690,0.276422,0.193700,5.906034,2.012966,2.459782
quarterly,us_sector_etf,factor_model,equal_weight,252,10.000000,median_bulk,0.606356,0.605397,0.094860,0.176581,0.249202,0.381412,0.044542,12.737984,1.388115,13.591731
quarterly,us_sector_etf,factor_model,inverse_variance,252,10.000000,median_bulk,0.450657,0.447674,0.043823,0.109194,0.143155,0.308505,0.082668,13.694707,1.706463,5.415322
quarterly,us_sector_etf,factor_model,minimum_variance,252,10.000000,median_bulk,0.420275,0.414790,0.037348,0.100486,0.139860,0.271160,0.140510,5.028357,2.029399,2.952023
quarterly,us_sector_etf,factor_model,risk_parity,252,10.000000,median_bulk,0.524080,0.521277,0.048282,0.100315,0.145880,0.333018,0.072538,16.000000,1.895462,7.186258
quarterly,us_sector_etf,factor_model,hrp,252,10.000000,median_bulk,0.353581,0.348187,0.026904,0.087018,0.155807,0.175776,0.118636,8.363396,1.789001,2.934922
quarterly,us_sector_etf,factor_model,max_diversification,252,10.000000,median_bulk,0.396560,0.390990,0.030177,0.085405,0.118379,0.259109,0.121522,4.766814,2.318049,3.217442
