lambda_plus_mult,universe,estimator,allocator,window,frequency,cost_bps,sigma_method,sharpe,sharpe_net,ann_return_net,ann_volatility,max_drawdown,calmar,avg_turnover,avg_enb,avg_dr,sharpe_per_turnover
0.850000,us_sector_etf,sample,equal_weight,252,monthly,10.000000,median_bulk,0.634706,0.633246,0.094778,0.167495,0.280438,0.338928,0.020799,12.755547,1.405249,30.446443
0.850000,us_sector_etf,sample,inverse_variance,252,monthly,10.000000,median_bulk,0.366133,0.362866,0.036442,0.119183,0.190198,0.193743,0.033023,14.264592,1.679073,10.988413
0.850000,us_sector_etf,sample,minimum_variance,252,monthly,10.000000,median_bulk,0.328913,0.322476,0.028639,0.105165,0.174860,0.167825,0.057698,5.255054,1.838559,5.589045
0.850000,us_sector_etf,sample,risk_parity,252,monthly,10.000000,median_bulk,0.457905,0.454877,0.046300,0.114553,0.178762,0.261050,0.029391,16.000000,1.756337,15.476710
0.850000,us_sector_etf,sample,hrp,252,monthly,10.000000,median_bulk,0.261403,0.253255,0.021001,0.104027,0.208919,0.104676,0.071022,9.118829,1.727691,3.565846
0.850000,us_sector_etf,sample,max_diversification,252,monthly,10.000000,median_bulk,0.380793,0.369596,0.031211,0.096019,0.166206,0.194521,0.090944,5.359632,1.990132,4.064003
0.850000,us_sector_etf,rmt_hard,equal_weight,252,monthly,10.000000,median_bulk,0.634706,0.633246,0.094778,0.167495,0.280438,0.338928,0.020799,12.755737,1.403564,30.446443
0.850000,us_sector_etf,rmt_hard,inverse_variance,252,monthly,10.000000,median_bulk,0.361590,0.358286,0.036131,0.120315,0.193882,0.188501,0.033710,14.301153,1.678402,10.628413
0.850000,us_sector_etf,rmt_hard,minimum_variance,252,monthly,10.000000,median_bulk,0.342775,0.336231,0.030079,0.104947,0.174585,0.176388,0.058244,5.186944,1.843837,5.772798
0.850000,us_sector_etf,rmt_hard,risk_parity,252,monthly,10.000000,median_bulk,0.458215,0.455190,0.046338,0.114555,0.178654,0.261421,0.029359,16.000000,1.757213,15.504083
0.850000,us_sector_etf,rmt_hard,hrp,252,monthly,10.000000,median_bulk,0.264309,0.255869,0.021290,0.104115,0.208656,0.106364,0.074153,9.184189,1.729816,3.450543
0.850000,us_sector_etf,rmt_hard,max_diversification,252,monthly,10.000000,median_bulk,0.384535,0.373028,0.031738,0.096695,0.162630,0.202243,0.093454,5.360939,1.993042,3.991587
0.850000,us_sector_etf,rmt_soft,equal_weight,252,monthly,10.000000,median_bulk,0.634706,0.633246,0.094778,0.167495,0.280438,0.338928,0.020799,12.755085,1.410127,30.446443
0.850000,us_sector_etf,rmt_soft,inverse_variance,252,monthly,10.000000,median_bulk,0.361757,0.358478,0.036048,0.119845,0.192640,0.189261,0.033335,14.296467,1.686680,10.753945
0.850000,us_sector_etf,rmt_soft,minimum_variance,252,monthly,10.000000,median_bulk,0.331009,0.324620,0.028874,0.105181,0.174622,0.169369,0.057275,5.248671,1.841960,5.667729
0.850000,us_sector_etf,rmt_soft,risk_parity,252,monthly,10.000000,median_bulk,0.457944,0.454918,0.046307,0.114560,0.178733,0.261133,0.029373,16.000000,1.762781,15.487867
0.850000,us_sector_etf,rmt_soft,hrp,252,monthly,10.000000,median_bulk,0.267011,0.258949,0.021594,0.103967,0.206913,0.108523,0.070600,9.125052,1.735626,3.667839
0.850000,us_sector_etf,rmt_soft,max_diversification,252,monthly,10.000000,median_bulk,0.386237,0.375089,0.031948,0.096730,0.163915,0.201743,0.090960,5.516868,1.991958,4.123685
0.900000,us_sector_etf,sample,equal_weight,252,monthly,10.000000,median_bulk,0.634706,0.633246,0.094778,0.167495,0.280438,0.338928,0.020799,12.755547,1.405249,30.446443
0.900000,us_sector_etf,sample,inverse_variance,252,monthly,10.000000,median_bulk,0.366133,0.362866,0.036442,0.119183,0.190198,0.193743,0.033023,14.264592,1.679073,10.988413
0.900000,us_sector_etf,sample,minimum_variance,252,monthly,10.000000,median_bulk,0.328913,0.322476,0.028639,0.105165,0.174860,0.167825,0.057698,5.255054,1.838559,5.589045
0.900000,us_sector_etf,sample,risk_parity,252,monthly,10.000000,median_bulk,0.457905,0.454877,0.046300,0.114553,0.178762,0.261050,0.029391,16.000000,1.756337,15.476710
0.900000,us_sector_etf,sample,hrp,252,monthly,10.000000,median_bulk,0.261403,0.253255,0.021001,0.104027,0.208919,0.104676,0.071022,9.118829,1.727691,3.565846
0.900000,us_sector_etf,sample,max_diversification,252,monthly,10.000000,median_bulk,0.380793,0.369596,0.031211,0.096019,0.166206,0.194521,0.090944,5.359632,1.990132,4.064003
0.900000,us_sector_etf,rmt_hard,equal_weight,252,monthly,10.000000,median_bulk,0.634706,0.633246,0.094778,0.167495,0.280438,0.338928,0.020799,12.755629,1.403548,30.446443
0.900000,us_sector_etf,rmt_hard,inverse_variance,252,monthly,10.000000,median_bulk,0.359690,0.356402,0.035950,0.120558,0.194769,0.186705,0.033625,14.297181,1.678131,10.599345
0.900000,us_sector_etf,rmt_hard,minimum_variance,252,monthly,10.000000,median_bulk,0.328897,0.322470,0.028852,0.106209,0.173783,0.170127,0.058291,5.185193,1.843198,5.532038
0.900000,us_sector_etf,rmt_hard,risk_parity,252,monthly,10.000000,median_bulk,0.458142,0.455118,0.046328,0.114552,0.178635,0.261395,0.029356,16.000000,1.757274,15.503450
0.900000,us_sector_etf,rmt_hard,hrp,252,monthly,10.000000,median_bulk,0.263687,0.255170,0.021293,0.104660,0.210447,0.105528,0.075080,9.207955,1.728768,3.398632
0.900000,us_sector_etf,rmt_hard,max_diversification,252,monthly,10.000000,median_bulk,0.376708,0.365544,0.031041,0.096879,0.162715,0.197664,0.091072,5.377128,1.992428,4.013781
0.900000,us_sector_etf,rmt_soft,equal_weight,252,monthly,10.000000,median_bulk,0.634706,0.633246,0.094778,0.167495,0.280438,0.338928,0.020799,12.755048,1.410715,30.446443
0.900000,us_sector_etf,rmt_soft,inverse_variance,252,monthly,10.000000,median_bulk,0.361201,0.357923,0.036002,0.119949,0.193019,0.188653,0.033348,14.296581,1.687352,10.733038
0.900000,us_sector_etf,rmt_soft,minimum_variance,252,monthly,10.000000,median_bulk,0.331074,0.324690,0.028899,0.105262,0.174338,0.169785,0.057257,5.248939,1.842357,5.670744
0.900000,us_sector_etf,rmt_soft,risk_parity,252,monthly,10.000000,median_bulk,0.457923,0.454899,0.046306,0.114564,0.178728,0.261134,0.029358,16.000000,1.763550,15.494757
0.900000,us_sector_etf,rmt_soft,hrp,252,monthly,10.000000,median_bulk,0.267319,0.259213,0.021654,0.104175,0.210508,0.106985,0.071047,9.147582,1.736334,3.648452
0.900000,us_sector_etf,rmt_soft,max_diversification,252,monthly,10.000000,median_bulk,0.385109,0.374054,0.031866,0.096808,0.163989,0.201102,0.090324,5.521774,1.992280,4.141224
1.000000,us_sector_etf,sample,equal_weight,252,monthly,10.000000,median_bulk,0.634706,0.633246,0.094778,0.167495,0.280438,0.338928,0.020799,12.755547,1.405249,30.446443
1.000000,us_sector_etf,sample,inverse_variance,252,monthly,10.000000,median_bulk,0.366133,0.362866,0.036442,0.119183,0.190198,0.193743,0.033023,14.264592,1.679073,10.988413
1.000000,us_sector_etf,sample,minimum_variance,252,monthly,10.000000,median_bulk,0.328913,0.322476,0.028639,0.105165,0.174860,0.167825,0.057698,5.255054,1.838559,5.589045
1.000000,us_sector_etf,sample,risk_parity,252,monthly,10.000000,median_bulk,0.457905,0.454877,0.046300,0.114553,0.178762,0.261050,0.029391,16.000000,1.756337,15.476710
1.000000,us_sector_etf,sample,hrp,252,monthly,10.000000,median_bulk,0.261403,0.253255,0.021001,0.104027,0.208919,0.104676,0.071022,9.118829,1.727691,3.565846
1.000000,us_sector_etf,sample,max_diversification,252,monthly,10.000000,median_bulk,0.380793,0.369596,0.031211,0.096019,0.166206,0.194521,0.090944,5.359632,1.990132,4.064003
1.000000,us_sector_etf,rmt_hard,equal_weight,252,monthly,10.000000,median_bulk,0.634706,0.633246,0.094778,0.167495,0.280438,0.338928,0.020799,12.755473,1.403608,30.446443
1.000000,us_sector_etf,rmt_hard,inverse_variance,252,monthly,10.000000,median_bulk,0.360213,0.356878,0.036018,0.120595,0.194769,0.187087,0.034118,14.287113,1.677486,10.460203
1.000000,us_sector_etf,rmt_hard,minimum_variance,252,monthly,10.000000,median_bulk,0.325019,0.318401,0.028450,0.106402,0.173133,0.168574,0.060202,5.175349,1.842153,5.288840
1.000000,us_sector_etf,rmt_hard,risk_parity,252,monthly,10.000000,median_bulk,0.458081,0.455051,0.046321,0.114553,0.178625,0.261370,0.029402,16.000000,1.757374,15.476692
1.000000,us_sector_etf,rmt_hard,hrp,252,monthly,10.000000,median_bulk,0.278358,0.269514,0.022882,0.105011,0.210231,0.113387,0.078214,9.233026,1.727118,3.445853
1.000000,us_sector_etf,rmt_hard,max_diversification,252,monthly,10.000000,median_bulk,0.381131,0.369473,0.031435,0.096889,0.160519,0.203143,0.095182,5.396956,1.992306,3.881770
1.000000,us_sector_etf,rmt_soft,equal_weight,252,monthly,10.000000,median_bulk,0.634706,0.633246,0.094778,0.167495,0.280438,0.338928,0.020799,12.755020,1.411335,30.446443
1.000000,us_sector_etf,rmt_soft,inverse_variance,252,monthly,10.000000,median_bulk,0.361200,0.357915,0.036016,0.120013,0.193192,0.188559,0.033432,14.296103,1.688007,10.705681
1.000000,us_sector_etf,rmt_soft,minimum_variance,252,monthly,10.000000,median_bulk,0.331070,0.324704,0.028922,0.105367,0.174027,0.170215,0.057170,5.245282,1.842690,5.679591
1.000000,us_sector_etf,rmt_soft,risk_parity,252,monthly,10.000000,median_bulk,0.457923,0.454899,0.046305,0.114562,0.178716,0.261148,0.029361,16.000000,1.764388,15.493269
1.000000,us_sector_etf,rmt_soft,hrp,252,monthly,10.000000,median_bulk,0.257787,0.249683,0.020658,0.104289,0.213509,0.100817,0.071286,9.144316,1.737238,3.502530
1.000000,us_sector_etf,rmt_soft,max_diversification,252,monthly,10.000000,median_bulk,0.382501,0.371160,0.031563,0.096753,0.163538,0.199969,0.092460,5.536094,1.992488,4.014293
1.100000,us_sector_etf,sample,equal_weight,252,monthly,10.000000,median_bulk,0.634706,0.633246,0.094778,0.167495,0.280438,0.338928,0.020799,12.755547,1.405249,30.446443
1.100000,us_sector_etf,sample,inverse_variance,252,monthly,10.000000,median_bulk,0.366133,0.362866,0.036442,0.119183,0.190198,0.193743,0.033023,14.264592,1.679073,10.988413
1.100000,us_sector_etf,sample,minimum_variance,252,monthly,10.000000,median_bulk,0.328913,0.322476,0.028639,0.105165,0.174860,0.167825,0.057698,5.255054,1.838559,5.589045
1.100000,us_sector_etf,sample,risk_parity,252,monthly,10.000000,median_bulk,0.457905,0.454877,0.046300,0.114553,0.178762,0.261050,0.029391,16.000000,1.756337,15.476710
1.100000,us_sector_etf,sample,hrp,252,monthly,10.000000,median_bulk,0.261403,0.253255,0.021001,0.104027,0.208919,0.104676,0.071022,9.118829,1.727691,3.565846
1.100000,us_sector_etf,sample,max_diversification,252,monthly,10.000000,median_bulk,0.380793,0.369596,0.031211,0.096019,0.166206,0.194521,0.090944,5.359632,1.990132,4.064003
1.100000,us_sector_etf,rmt_hard,equal_weight,252,monthly,10.000000,median_bulk,0.634706,0.633246,0.094778,0.167495,0.280438,0.338928,0.020799,12.755284,1.403560,30.446443
1.100000,us_sector_etf,rmt_hard,inverse_variance,252,monthly,10.000000,median_bulk,0.360078,0.356766,0.036008,0.120613,0.194769,0.187023,0.033905,14.272967,1.676620,10.522377
1.100000,us_sector_etf,rmt_hard,minimum_variance,252,monthly,10.000000,median_bulk,0.330985,0.324413,0.029093,0.106336,0.171429,0.173964,0.059572,5.149026,1.841087,5.445757
1.100000,us_sector_etf,rmt_hard,risk_parity,252,monthly,10.000000,median_bulk,0.458318,0.455289,0.046344,0.114539,0.178509,0.261669,0.029385,16.000000,1.757649,15.494027
1.100000,us_sector_etf,rmt_hard,hrp,252,monthly,10.000000,median_bulk,0.281117,0.272571,0.023211,0.105020,0.209700,0.115093,0.075610,9.237517,1.726983,3.604939
1.100000,us_sector_etf,rmt_hard,max_diversification,252,monthly,10.000000,median_bulk,0.387307,0.375707,0.031947,0.096501,0.156013,0.212223,0.094334,5.458602,1.991977,3.982713
1.100000,us_sector_etf,rmt_soft,equal_weight,252,monthly,10.000000,median_bulk,0.634706,0.633246,0.094778,0.167495,0.280438,0.338928,0.020799,12.755021,1.412346,30.446443
1.100000,us_sector_etf,rmt_soft,inverse_variance,252,monthly,10.000000,median_bulk,0.361343,0.358064,0.036046,0.120065,0.193334,0.188575,0.033405,14.294495,1.689116,10.719031
1.100000,us_sector_etf,rmt_soft,minimum_variance,252,monthly,10.000000,median_bulk,0.330787,0.324398,0.028910,0.105468,0.173606,0.170577,0.057432,5.243066,1.843040,5.648430
1.100000,us_sector_etf,rmt_soft,risk_parity,252,monthly,10.000000,median_bulk,0.457965,0.454940,0.046309,0.114558,0.178686,0.261213,0.029361,16.000000,1.765735,15.494727
1.100000,us_sector_etf,rmt_soft,hrp,252,monthly,10.000000,median_bulk,0.259835,0.251879,0.020897,0.104332,0.213548,0.101848,0.069996,9.153536,1.737664,3.598499
1.100000,us_sector_etf,rmt_soft,max_diversification,252,monthly,10.000000,median_bulk,0.382110,0.371029,0.031490,0.096534,0.161848,0.201427,0.090162,5.589697,1.992903,4.115140
1.150000,us_sector_etf,sample,equal_weight,252,monthly,10.000000,median_bulk,0.634706,0.633246,0.094778,0.167495,0.280438,0.338928,0.020799,12.755547,1.405249,30.446443
1.150000,us_sector_etf,sample,inverse_variance,252,monthly,10.000000,median_bulk,0.366133,0.362866,0.036442,0.119183,0.190198,0.193743,0.033023,14.264592,1.679073,10.988413
1.150000,us_sector_etf,sample,minimum_variance,252,monthly,10.000000,median_bulk,0.328913,0.322476,0.028639,0.105165,0.174860,0.167825,0.057698,5.255054,1.838559,5.589045
1.150000,us_sector_etf,sample,risk_parity,252,monthly,10.000000,median_bulk,0.457905,0.454877,0.046300,0.114553,0.178762,0.261050,0.029391,16.000000,1.756337,15.476710
1.150000,us_sector_etf,sample,hrp,252,monthly,10.000000,median_bulk,0.261403,0.253255,0.021001,0.104027,0.208919,0.104676,0.071022,9.118829,1.727691,3.565846
1.150000,us_sector_etf,sample,max_diversification,252,monthly,10.000000,median_bulk,0.380793,0.369596,0.031211,0.096019,0.166206,0.194521,0.090944,5.359632,1.990132,4.064003
1.150000,us_sector_etf,rmt_hard,equal_weight,252,monthly,10.000000,median_bulk,0.634706,0.633246,0.094778,0.167495,0.280438,0.338928,0.020799,12.755234,1.403617,30.446443
1.150000,us_sector_etf,rmt_hard,inverse_variance,252,monthly,10.000000,median_bulk,0.359404,0.356078,0.035927,0.120640,0.194997,0.186399,0.034071,14.255126,1.675951,10.451057
1.150000,us_sector_etf,rmt_hard,minimum_variance,252,monthly,10.000000,median_bulk,0.336692,0.329582,0.029505,0.105609,0.168172,0.180089,0.063627,5.140402,1.838996,5.179909
1.150000,us_sector_etf,rmt_hard,risk_parity,252,monthly,10.000000,median_bulk,0.459354,0.456325,0.046435,0.114440,0.178371,0.262379,0.029358,16.000000,1.757711,15.543627
1.150000,us_sector_etf,rmt_hard,hrp,252,monthly,10.000000,median_bulk,0.285286,0.276246,0.023698,0.105574,0.207060,0.119187,0.080143,9.267780,1.727179,3.446914
1.150000,us_sector_etf,rmt_hard,max_diversification,252,monthly,10.000000,median_bulk,0.388527,0.377067,0.032106,0.096581,0.156185,0.212915,0.093089,5.487519,1.991695,4.050616
1.150000,us_sector_etf,rmt_soft,equal_weight,252,monthly,10.000000,median_bulk,0.634706,0.633246,0.094778,0.167495,0.280438,0.338928,0.020799,12.754975,1.413392,30.446443
1.150000,us_sector_etf,rmt_soft,inverse_variance,252,monthly,10.000000,median_bulk,0.360782,0.357501,0.035993,0.120141,0.193642,0.188001,0.033440,14.293378,1.690268,10.690884
1.150000,us_sector_etf,rmt_soft,minimum_variance,252,monthly,10.000000,median_bulk,0.331579,0.325192,0.028998,0.105479,0.173091,0.171592,0.057371,5.243413,1.843417,5.668185
1.150000,us_sector_etf,rmt_soft,risk_parity,252,monthly,10.000000,median_bulk,0.457949,0.454926,0.046309,0.114562,0.178674,0.261226,0.029343,16.000000,1.766959,15.503600
1.150000,us_sector_etf,rmt_soft,hrp,252,monthly,10.000000,median_bulk,0.263805,0.255587,0.021311,0.104476,0.213055,0.104174,0.072580,9.200032,1.738116,3.521469
1.150000,us_sector_etf,rmt_soft,max_diversification,252,monthly,10.000000,median_bulk,0.380944,0.370081,0.031402,0.096555,0.162488,0.199953,0.088326,5.628672,1.993404,4.189934
