universe,estimator,allocator,window,frequency,cost_bps,sigma_method,sharpe,sharpe_net,ann_return_net,ann_volatility,max_drawdown,calmar,avg_turnover,avg_enb,avg_dr,sharpe_per_turnover
us_sector_etf,sample,equal_weight,252,monthly,10.000000,median_bulk,0.634706,0.633246,0.094778,0.167495,0.280438,0.338928,0.020799,12.755547,1.405249,30.446443
us_sector_etf,sample,inverse_variance,252,monthly,10.000000,median_bulk,0.366133,0.362866,0.036442,0.119183,0.190198,0.193743,0.033023,14.264592,1.679073,10.988413
us_sector_etf,sample,minimum_variance,252,monthly,10.000000,median_bulk,0.328913,0.322476,0.028639,0.105165,0.174860,0.167825,0.057698,5.255054,1.838559,5.589045
us_sector_etf,sample,risk_parity,252,monthly,10.000000,median_bulk,0.457905,0.454877,0.046300,0.114553,0.178762,0.261050,0.029391,16.000000,1.756337,15.476710
us_sector_etf,sample,hrp,252,monthly,10.000000,median_bulk,0.261403,0.253255,0.021001,0.104027,0.208919,0.104676,0.071022,9.118829,1.727691,3.565846
us_sector_etf,sample,max_diversification,252,monthly,10.000000,median_bulk,0.380793,0.369596,0.031211,0.096019,0.166206,0.194521,0.090944,5.359632,1.990132,4.064003
us_sector_etf,ledoit_wolf,equal_weight,252,monthly,10.000000,median_bulk,0.634706,0.633246,0.094778,0.167495,0.280438,0.338928,0.020799,12.783246,1.435755,30.446443
us_sector_etf,ledoit_wolf,inverse_variance,252,monthly,10.000000,median_bulk,0.476187,0.473390,0.052943,0.126882,0.198953,0.268019,0.030448,14.324762,1.669094,15.547718
us_sector_etf,ledoit_wolf,minimum_variance,252,monthly,10.000000,median_bulk,0.343222,0.337042,0.030295,0.105498,0.174512,0.177500,0.055529,5.494402,1.884278,6.069615
us_sector_etf,ledoit_wolf,risk_parity,252,monthly,10.000000,median_bulk,0.500901,0.498167,0.053234,0.118933,0.178823,0.299624,0.027602,16.000000,1.788891,18.048556
us_sector_etf,ledoit_wolf,hrp,252,monthly,10.000000,median_bulk,0.357647,0.349794,0.032744,0.109903,0.183810,0.183002,0.072332,10.126961,1.780737,4.835919
us_sector_etf,ledoit_wolf,max_diversification,252,monthly,10.000000,median_bulk,0.398655,0.390130,0.035693,0.104318,0.160216,0.228582,0.075296,6.188832,2.012163,5.181264
us_sector_etf,constant_corr,equal_weight,252,monthly,10.000000,median_bulk,0.634706,0.633246,0.094778,0.167495,0.280438,0.338928,0.020799,12.775402,1.406074,30.446443
us_sector_etf,constant_corr,inverse_variance,252,monthly,10.000000,median_bulk,0.366133,0.362866,0.036442,0.119183,0.190198,0.193743,0.033023,14.281139,1.676448,10.988413
us_sector_etf,constant_corr,minimum_variance,252,monthly,10.000000,median_bulk,0.326421,0.320008,0.028370,0.105139,0.174781,0.166339,0.057452,5.263357,1.830250,5.569988
us_sector_etf,constant_corr,risk_parity,252,monthly,10.000000,median_bulk,0.458295,0.455280,0.046482,0.114935,0.178790,0.262027,0.029344,16.000000,1.750906,15.515454
us_sector_etf,constant_corr,hrp,252,monthly,10.000000,median_bulk,0.257192,0.249202,0.020623,0.104380,0.215209,0.099794,0.069879,9.114945,1.724388,3.566195
us_sector_etf,constant_corr,max_diversification,252,monthly,10.000000,median_bulk,0.382239,0.371250,0.031705,0.097198,0.166116,0.197555,0.090276,5.422083,1.980820,4.112398
us_sector_etf,rmt_hard,equal_weight,252,monthly,10.000000,median_bulk,0.634706,0.633246,0.094778,0.167495,0.280438,0.338928,0.020799,12.755473,1.403608,30.446443
us_sector_etf,rmt_hard,inverse_variance,252,monthly,10.000000,median_bulk,0.360213,0.356878,0.036018,0.120595,0.194769,0.187087,0.034118,14.287113,1.677486,10.460203
us_sector_etf,rmt_hard,minimum_variance,252,monthly,10.000000,median_bulk,0.325019,0.318401,0.028450,0.106402,0.173133,0.168574,0.060202,5.175349,1.842153,5.288840
us_sector_etf,rmt_hard,risk_parity,252,monthly,10.000000,median_bulk,0.458081,0.455051,0.046321,0.114553,0.178625,0.261370,0.029402,16.000000,1.757374,15.476692
us_sector_etf,rmt_hard,hrp,252,monthly,10.000000,median_bulk,0.278358,0.269514,0.022882,0.105011,0.210231,0.113387,0.078214,9.233026,1.727118,3.445853
us_sector_etf,rmt_hard,max_diversification,252,monthly,10.000000,median_bulk,0.381131,0.369473,0.031435,0.096889,0.160519,0.203143,0.095182,5.396956,1.992306,3.881770
us_sector_etf,rmt_soft,equal_weight,252,monthly,10.000000,median_bulk,0.634706,0.633246,0.094778,0.167495,0.280438,0.338928,0.020799,12.755020,1.411335,30.446443
us_sector_etf,rmt_soft,inverse_variance,252,monthly,10.000000,median_bulk,0.361200,0.357915,0.036016,0.120013,0.193192,0.188559,0.033432,14.296103,1.688007,10.705681
us_sector_etf,rmt_soft,minimum_variance,252,monthly,10.000000,median_bulk,0.331070,0.324704,0.028922,0.105367,0.174027,0.170215,0.057170,5.245282,1.842690,5.679591
us_sector_etf,rmt_soft,risk_parity,252,monthly,10.000000,median_bulk,0.457923,0.454899,0.046305,0.114562,0.178716,0.261148,0.029361,16.000000,1.764388,15.493269
us_sector_etf,rmt_soft,hrp,252,monthly,10.000000,median_bulk,0.257787,0.249683,0.020658,0.104289,0.213509,0.100817,0.071286,9.144316,1.737238,3.502530
us_sector_etf,rmt_soft,max_diversification,252,monthly,10.000000,median_bulk,0.382501,0.371160,0.031563,0.096753,0.163538,0.199969,0.092460,5.536094,1.992488,4.014293
us_sector_etf,rmt_rie,equal_weight,252,monthly,10.000000,median_bulk,0.634706,0.633246,0.094778,0.167495,0.280438,0.338928,0.020799,12.756594,1.439244,30.446443
us_sector_etf,rmt_rie,inverse_variance,252,monthly,10.000000,median_bulk,0.364592,0.361297,0.036130,0.118651,0.188095,0.194256,0.033114,14.217968,1.714996,10.910817
us_sector_etf,rmt_rie,minimum_variance,252,monthly,10.000000,median_bulk,0.308419,0.301971,0.026493,0.105464,0.179499,0.151534,0.057859,5.416796,1.863382,5.219095
us_sector_etf,rmt_rie,risk_parity,252,monthly,10.000000,median_bulk,0.454272,0.451257,0.046023,0.114998,0.180069,0.257617,0.029351,16.000000,1.790534,15.374766
us_sector_etf,rmt_rie,hrp,252,monthly,10.000000,median_bulk,0.257987,0.249946,0.020614,0.103706,0.210205,0.102123,0.069747,9.073136,1.759708,3.583593
us_sector_etf,rmt_rie,max_diversification,252,monthly,10.000000,median_bulk,0.382505,0.371661,0.032218,0.098866,0.168011,0.198391,0.090357,5.935737,2.008388,4.113247
us_sector_etf,factor_model,equal_weight,252,monthly,10.000000,median_bulk,0.634706,0.633246,0.094778,0.167495,0.280438,0.338928,0.020799,12.737695,1.391222,30.446443
us_sector_etf,factor_model,inverse_variance,252,monthly,10.000000,median_bulk,0.366133,0.362866,0.036442,0.119183,0.190198,0.193743,0.033023,13.709883,1.700450,10.988413
us_sector_etf,factor_model,minimum_variance,252,monthly,10.000000,median_bulk,0.391896,0.384057,0.034085,0.100735,0.169284,0.206237,0.067090,4.983953,2.027620,5.724485
us_sector_etf,factor_model,risk_parity,252,monthly,10.000000,median_bulk,0.428935,0.425542,0.041241,0.109548,0.180261,0.230946,0.031364,16.000000,1.889860,13.567769
us_sector_etf,factor_model,hrp,252,monthly,10.000000,median_bulk,0.215847,0.207300,0.015916,0.101487,0.214881,0.078182,0.072787,8.627401,1.784311,2.848048
us_sector_etf,factor_model,max_diversification,252,monthly,10.000000,median_bulk,0.307681,0.299775,0.022629,0.087640,0.155539,0.150072,0.058327,4.783840,2.310492,5.139548
cn_sector_etf,sample,equal_weight,252,monthly,10.000000,median_bulk,0.137308,0.135746,0.007833,0.219824,0.326079,0.025094,0.028134,14.662495,1.308463,4.824982
cn_sector_etf,sample,inverse_variance,252,monthly,10.000000,median_bulk,0.135628,0.132984,0.008745,0.190009,0.286900,0.032255,0.041381,14.729749,1.325671,3.213600
cn_sector_etf,sample,minimum_variance,252,monthly,10.000000,median_bulk,0.176301,0.169048,0.014769,0.144356,0.230992,0.068532,0.086775,5.140531,1.372653,1.948116
cn_sector_etf,sample,risk_parity,252,monthly,10.000000,median_bulk,0.150071,0.147837,0.011503,0.193182,0.293176,0.040732,0.035456,16.000000,1.358580,4.169597
cn_sector_etf,sample,hrp,252,monthly,10.000000,median_bulk,0.124489,0.120417,0.006721,0.180380,0.279562,0.026700,0.060694,14.313776,1.338316,1.984011
cn_sector_etf,sample,max_diversification,252,monthly,10.000000,median_bulk,0.316532,0.310340,0.039548,0.166071,0.273440,0.148507,0.084480,4.743385,1.537886,3.673531
cn_sector_etf,ledoit_wolf,equal_weight,252,monthly,10.000000,median_bulk,0.137308,0.135746,0.007833,0.219824,0.326079,0.025094,0.028134,14.674235,1.335753,4.824982
cn_sector_etf,ledoit_wolf,inverse_variance,252,monthly,10.000000,median_bulk,0.140382,0.137816,0.009611,0.191633,0.288235,0.035075,0.040463,14.879142,1.357839,3.405985
cn_sector_etf,ledoit_wolf,minimum_variance,252,monthly,10.000000,median_bulk,0.179980,0.172790,0.015320,0.144505,0.232533,0.070415,0.086150,5.344306,1.412101,2.005680
cn_sector_etf,ledoit_wolf,risk_parity,252,monthly,10.000000,median_bulk,0.150292,0.148073,0.011537,0.193605,0.293472,0.040800,0.035305,16.000000,1.389505,4.194087
cn_sector_etf,ledoit_wolf,hrp,252,monthly,10.000000,median_bulk,0.128306,0.124369,0.007404,0.181257,0.279014,0.029126,0.058957,14.408327,1.371496,2.109478
cn_sector_etf,ledoit_wolf,max_diversification,252,monthly,10.000000,median_bulk,0.265260,0.259207,0.030540,0.164059,0.274443,0.114987,0.081814,5.148202,1.557315,3.168266
cn_sector_etf,constant_corr,equal_weight,252,monthly,10.000000,median_bulk,0.137308,0.135746,0.007833,0.219824,0.326079,0.025094,0.028134,14.662495,1.308463,4.824982
cn_sector_etf,constant_corr,inverse_variance,252,monthly,10.000000,median_bulk,0.135628,0.132984,0.008745,0.190009,0.286900,0.032255,0.041381,14.729749,1.325671,3.213600
cn_sector_etf,constant_corr,minimum_variance,252,monthly,10.000000,median_bulk,0.176302,0.169048,0.014769,0.144356,0.230992,0.068532,0.086775,5.140552,1.372653,1.948128
cn_sector_etf,constant_corr,risk_parity,252,monthly,10.000000,median_bulk,0.150071,0.147837,0.011503,0.193182,0.293176,0.040732,0.035456,16.000000,1.358580,4.169597
cn_sector_etf,constant_corr,hrp,252,monthly,10.000000,median_bulk,0.123426,0.119321,0.006517,0.180474,0.278010,0.026135,0.061204,14.318371,1.338374,1.949558
cn_sector_etf,constant_corr,max_diversification,252,monthly,10.000000,median_bulk,0.316532,0.310340,0.039548,0.166071,0.273440,0.148507,0.084480,4.743385,1.537886,3.673531
cn_sector_etf,rmt_hard,equal_weight,252,monthly,10.000000,median_bulk,0.137308,0.135746,0.007833,0.219824,0.326079,0.025094,0.028134,14.661309,1.308517,4.824982
cn_sector_etf,rmt_hard,inverse_variance,252,monthly,10.000000,median_bulk,0.139601,0.136930,0.009535,0.189013,0.283258,0.035470,0.041587,14.789457,1.327868,3.292602
cn_sector_etf,rmt_hard,minimum_variance,252,monthly,10.000000,median_bulk,0.179755,0.172319,0.015250,0.144362,0.231455,0.070593,0.089008,5.242878,1.367279,1.935987
cn_sector_etf,rmt_hard,risk_parity,252,monthly,10.000000,median_bulk,0.150285,0.148048,0.011545,0.193164,0.293217,0.040872,0.035506,16.000000,1.356696,4.169680
cn_sector_etf,rmt_hard,hrp,252,monthly,10.000000,median_bulk,0.129019,0.124866,0.007484,0.182033,0.278470,0.029621,0.062530,14.288168,1.335421,1.996913
cn_sector_etf,rmt_hard,max_diversification,252,monthly,10.000000,median_bulk,0.325925,0.319482,0.040957,0.165155,0.275618,0.152577,0.087163,4.411839,1.540539,3.665319
cn_sector_etf,rmt_soft,equal_weight,252,monthly,10.000000,median_bulk,0.137308,0.135746,0.007833,0.219824,0.326079,0.025094,0.028134,14.661512,1.316162,4.824982
cn_sector_etf,rmt_soft,inverse_variance,252,monthly,10.000000,median_bulk,0.138038,0.135380,0.009220,0.189556,0.285046,0.034139,0.041506,14.783180,1.335332,3.261731
cn_sector_etf,rmt_soft,minimum_variance,252,monthly,10.000000,median_bulk,0.173898,0.166553,0.014405,0.144387,0.231729,0.066801,0.087940,5.213177,1.373840,1.893945
cn_sector_etf,rmt_soft,risk_parity,252,monthly,10.000000,median_bulk,0.149999,0.147766,0.011489,0.193186,0.293215,0.040678,0.035454,16.000000,1.365235,4.167820
cn_sector_etf,rmt_soft,hrp,252,monthly,10.000000,median_bulk,0.129362,0.125138,0.007578,0.180323,0.275514,0.030300,0.062951,14.319685,1.345408,1.987858
cn_sector_etf,rmt_soft,max_diversification,252,monthly,10.000000,median_bulk,0.320158,0.313939,0.040257,0.166544,0.273830,0.150912,0.085042,4.738951,1.540252,3.691592
cn_sector_etf,rmt_rie,equal_weight,252,monthly,10.000000,median_bulk,0.137308,0.135746,0.007833,0.219824,0.326079,0.025094,0.028134,14.662109,1.336800,4.824982
cn_sector_etf,rmt_rie,inverse_variance,252,monthly,10.000000,median_bulk,0.132152,0.129494,0.008056,0.190370,0.288443,0.029708,0.041702,14.664424,1.351991,3.105181
cn_sector_etf,rmt_rie,minimum_variance,252,monthly,10.000000,median_bulk,0.166728,0.159605,0.013379,0.144069,0.233175,0.061833,0.084987,5.216226,1.395571,1.877999
cn_sector_etf,rmt_rie,risk_parity,252,monthly,10.000000,median_bulk,0.148446,0.146216,0.011181,0.193283,0.293487,0.039590,0.035424,16.000000,1.387866,4.127552
cn_sector_etf,rmt_rie,hrp,252,monthly,10.000000,median_bulk,0.132975,0.128313,0.008106,0.182298,0.278785,0.032160,0.070431,14.215219,1.365703,1.821831
cn_sector_etf,rmt_rie,max_diversification,252,monthly,10.000000,median_bulk,0.286287,0.279995,0.034280,0.165757,0.275118,0.128497,0.085996,5.178954,1.558388,3.255908
cn_sector_etf,factor_model,equal_weight,252,monthly,10.000000,median_bulk,0.137308,0.135746,0.007833,0.219824,0.326079,0.025094,0.028134,14.665330,1.295242,4.824982
cn_sector_etf,factor_model,inverse_variance,252,monthly,10.000000,median_bulk,0.135628,0.132984,0.008745,0.190009,0.286900,0.032255,0.041381,14.799303,1.315840,3.213600
cn_sector_etf,factor_model,minimum_variance,252,monthly,10.000000,median_bulk,0.206925,0.199658,0.019155,0.143031,0.220778,0.091549,0.086078,4.988565,1.370886,2.319505
cn_sector_etf,factor_model,risk_parity,252,monthly,10.000000,median_bulk,0.153021,0.150729,0.012079,0.192609,0.292662,0.042806,0.036291,16.000000,1.346322,4.153378
cn_sector_etf,factor_model,hrp,252,monthly,10.000000,median_bulk,0.146082,0.141676,0.010583,0.180853,0.276428,0.041206,0.065709,14.200298,1.329775,2.156125
cn_sector_etf,factor_model,max_diversification,252,monthly,10.000000,median_bulk,0.321444,0.314896,0.038854,0.157450,0.240410,0.166041,0.085166,4.032386,1.548976,3.697422
us_single_stock,sample,equal_weight,120,monthly,10.000000,median_bulk,1.330402,1.326441,0.201481,0.147492,0.158149,1.277755,0.041009,23.543413,1.954140,32.344876
us_single_stock,sample,inverse_variance,120,monthly,10.000000,median_bulk,0.945544,0.938397,0.107980,0.116933,0.116722,0.932583,0.065663,24.657096,1.941435,14.291056
us_single_stock,sample,minimum_variance,120,monthly,10.000000,median_bulk,0.622371,0.599849,0.059728,0.106218,0.087094,0.714779,0.199156,8.444588,2.145927,3.011960
us_single_stock,sample,risk_parity,120,monthly,10.000000,median_bulk,1.084217,1.077838,0.127750,0.118542,0.129528,0.992308,0.057723,30.000000,2.117359,18.672630
us_single_stock,sample,hrp,120,monthly,10.000000,median_bulk,0.813540,0.799208,0.087387,0.113153,0.111237,0.801153,0.133162,22.046323,1.979706,6.001786
us_single_stock,sample,max_diversification,120,monthly,10.000000,median_bulk,1.442474,1.416182,0.145407,0.099860,0.104449,1.419922,0.212865,10.114589,2.447573,6.652959
us_single_stock,ledoit_wolf,equal_weight,120,monthly,10.000000,median_bulk,1.330402,1.326441,0.201481,0.147492,0.158149,1.277755,0.041009,23.881205,2.172067,32.344876
us_single_stock,ledoit_wolf,inverse_variance,120,monthly,10.000000,median_bulk,1.055938,1.049511,0.128831,0.123163,0.126951,1.021162,0.059246,26.613701,2.229405,17.714541
us_single_stock,ledoit_wolf,minimum_variance,120,monthly,10.000000,median_bulk,0.653872,0.634676,0.061103,0.101713,0.093707,0.673738,0.159630,11.675973,2.432515,3.975908
us_single_stock,ledoit_wolf,risk_parity,120,monthly,10.000000,median_bulk,1.101549,1.095359,0.132133,0.120422,0.131923,1.007407,0.056382,30.000000,2.368585,19.427465
us_single_stock,ledoit_wolf,hrp,120,monthly,10.000000,median_bulk,0.888012,0.875443,0.099134,0.116028,0.118792,0.847557,0.117758,23.875757,2.285581,7.434268
us_single_stock,ledoit_wolf,max_diversification,120,monthly,10.000000,median_bulk,1.146345,1.124700,0.112525,0.099607,0.109248,1.051502,0.177091,13.603483,2.624058,6.350979
us_single_stock,constant_corr,equal_weight,120,monthly,10.000000,median_bulk,1.330402,1.326441,0.201481,0.147492,0.158149,1.277755,0.041009,23.629960,1.954765,32.344876
us_single_stock,constant_corr,inverse_variance,120,monthly,10.000000,median_bulk,0.945544,0.938397,0.107980,0.116933,0.116722,0.932583,0.065663,24.734183,1.941842,14.291056
us_single_stock,constant_corr,minimum_variance,120,monthly,10.000000,median_bulk,0.620159,0.597855,0.059844,0.106867,0.087615,0.711730,0.198275,8.559943,2.117841,3.015282
us_single_stock,constant_corr,risk_parity,120,monthly,10.000000,median_bulk,1.083557,1.077243,0.128222,0.119056,0.130200,0.990786,0.057439,30.000000,2.109658,18.754525
us_single_stock,constant_corr,hrp,120,monthly,10.000000,median_bulk,0.820230,0.805309,0.088293,0.113341,0.109860,0.819969,0.137211,22.223959,1.979848,5.869113
us_single_stock,constant_corr,max_diversification,120,monthly,10.000000,median_bulk,1.405214,1.379624,0.144023,0.101780,0.108835,1.349921,0.212666,10.453430,2.422883,6.487276
us_single_stock,rmt_hard,equal_weight,120,monthly,10.000000,median_bulk,1.330402,1.326441,0.201481,0.147492,0.158149,1.277755,0.041009,23.543008,1.952410,32.344876
us_single_stock,rmt_hard,inverse_variance,120,monthly,10.000000,median_bulk,0.949629,0.942204,0.107765,0.116163,0.116231,0.934943,0.068078,24.645307,1.948099,13.840083
us_single_stock,rmt_hard,minimum_variance,120,monthly,10.000000,median_bulk,0.599720,0.577604,0.057116,0.105960,0.088150,0.675835,0.194240,8.339730,2.132563,2.973664
us_single_stock,rmt_hard,risk_parity,120,monthly,10.000000,median_bulk,1.080054,1.073559,0.127079,0.118446,0.129751,0.985556,0.058995,30.000000,2.113132,18.197521
us_single_stock,rmt_hard,hrp,120,monthly,10.000000,median_bulk,0.858096,0.843032,0.091415,0.111443,0.114073,0.817103,0.137547,22.204547,1.971631,6.129028
us_single_stock,rmt_hard,max_diversification,120,monthly,10.000000,median_bulk,1.259826,1.231937,0.123306,0.098746,0.104923,1.204070,0.226184,10.631747,2.434256,5.446605
us_single_stock,rmt_soft,equal_weight,120,monthly,10.000000,median_bulk,1.330402,1.326441,0.201481,0.147492,0.158149,1.277755,0.041009,23.533393,1.995531,32.344876
us_single_stock,rmt_soft,inverse_variance,120,monthly,10.000000,median_bulk,0.941136,0.933890,0.106891,0.116369,0.116266,0.926946,0.066371,24.627232,1.988379,14.070664
us_single_stock,rmt_soft,minimum_variance,120,monthly,10.000000,median_bulk,0.606677,0.586450,0.058137,0.106021,0.088564,0.681797,0.177133,8.789314,2.161025,3.310796
us_single_stock,rmt_soft,risk_parity,120,monthly,10.000000,median_bulk,1.082642,1.076272,0.127556,0.118555,0.129589,0.990340,0.057659,30.000000,2.157672,18.666099
us_single_stock,rmt_soft,hrp,120,monthly,10.000000,median_bulk,0.802973,0.789140,0.085818,0.112659,0.109047,0.802111,0.126905,22.369218,2.025715,6.218358
us_single_stock,rmt_soft,max_diversification,120,monthly,10.000000,median_bulk,1.340402,1.315812,0.135141,0.100623,0.106794,1.290879,0.200865,11.340954,2.461684,6.550717
us_single_stock,rmt_rie,equal_weight,120,monthly,10.000000,median_bulk,1.330402,1.326441,0.201481,0.147492,0.158149,1.277755,0.041009,23.473424,2.063852,32.344876
us_single_stock,rmt_rie,inverse_variance,120,monthly,10.000000,median_bulk,0.938518,0.931292,0.106881,0.116729,0.118445,0.909801,0.066353,24.739317,2.055400,14.035500
us_single_stock,rmt_rie,minimum_variance,120,monthly,10.000000,median_bulk,0.536843,0.517291,0.050271,0.105653,0.091530,0.572727,0.170865,9.325017,2.208306,3.027487
us_single_stock,rmt_rie,risk_parity,120,monthly,10.000000,median_bulk,1.077365,1.071056,0.127352,0.119015,0.131311,0.975757,0.057300,30.000000,2.225735,18.691942
us_single_stock,rmt_rie,hrp,120,monthly,10.000000,median_bulk,0.773680,0.760021,0.082647,0.113197,0.117216,0.719070,0.126586,22.443995,2.095233,6.003970
us_single_stock,rmt_rie,max_diversification,120,monthly,10.000000,median_bulk,1.229999,1.207685,0.125139,0.102402,0.111987,1.139736,0.186128,12.391152,2.501542,6.488455
us_single_stock,factor_model,equal_weight,120,monthly,10.000000,median_bulk,1.330402,1.326441,0.201481,0.147492,0.158149,1.277755,0.041009,22.710310,1.920201,32.344876
us_single_stock,factor_model,inverse_variance,120,monthly,10.000000,median_bulk,0.945544,0.938397,0.107980,0.116933,0.116722,0.932583,0.065663,25.333507,2.010504,14.291056
us_single_stock,factor_model,minimum_variance,120,monthly,10.000000,median_bulk,0.450426,0.433397,0.044104,0.114597,0.092289,0.499776,0.161183,8.081188,2.450989,2.688855
us_single_stock,factor_model,risk_parity,120,monthly,10.000000,median_bulk,1.053121,1.045562,0.120498,0.115642,0.119552,1.015554,0.067957,30.000000,2.223294,15.385660
us_single_stock,factor_model,hrp,120,monthly,10.000000,median_bulk,0.705525,0.689797,0.072830,0.111104,0.108406,0.688859,0.143856,21.333065,2.112628,4.795039
us_single_stock,factor_model,max_diversification,120,monthly,10.000000,median_bulk,0.983472,0.960900,0.097084,0.102096,0.092296,1.078526,0.187524,10.008990,2.679969,5.124131
