window,universe,estimator,allocator,frequency,cost_bps,sigma_method,sharpe,sharpe_net,ann_return_net,ann_volatility,max_drawdown,calmar,avg_turnover,avg_enb,avg_dr,sharpe_per_turnover
120,us_sector_etf,sample,equal_weight,monthly,10.000000,median_bulk,0.750547,0.748840,0.102474,0.145679,0.220277,0.466433,0.020576,12.527457,1.440633,36.393678
120,us_sector_etf,sample,inverse_variance,monthly,10.000000,median_bulk,0.473073,0.467777,0.044821,0.106409,0.179372,0.253175,0.047389,13.796081,1.721147,9.870999
120,us_sector_etf,sample,minimum_variance,monthly,10.000000,median_bulk,0.496134,0.483255,0.040696,0.091385,0.163875,0.255745,0.097222,5.386964,1.935883,4.970664
120,us_sector_etf,sample,risk_parity,monthly,10.000000,median_bulk,0.580776,0.575595,0.055424,0.103396,0.188942,0.296346,0.045138,16.000000,1.819636,12.751927
120,us_sector_etf,sample,hrp,monthly,10.000000,median_bulk,0.399524,0.387705,0.032220,0.093342,0.180998,0.184309,0.092266,8.882962,1.744501,4.202063
120,us_sector_etf,sample,max_diversification,monthly,10.000000,median_bulk,0.523319,0.500404,0.042068,0.090729,0.177795,0.248754,0.172980,5.224109,2.093996,2.892838
120,us_sector_etf,ledoit_wolf,equal_weight,monthly,10.000000,median_bulk,0.750547,0.748840,0.102474,0.145679,0.220277,0.466433,0.020576,12.578499,1.491950,36.393678
120,us_sector_etf,ledoit_wolf,inverse_variance,monthly,10.000000,median_bulk,0.610896,0.606402,0.064029,0.113590,0.180311,0.358110,0.042599,14.130314,1.723152,14.235034
120,us_sector_etf,ledoit_wolf,minimum_variance,monthly,10.000000,median_bulk,0.527788,0.515647,0.043959,0.091808,0.163542,0.275851,0.092278,5.775749,1.997313,5.587949
120,us_sector_etf,ledoit_wolf,risk_parity,monthly,10.000000,median_bulk,0.638223,0.633746,0.063721,0.106910,0.188954,0.339919,0.039957,16.000000,1.871826,15.860534
120,us_sector_etf,ledoit_wolf,hrp,monthly,10.000000,median_bulk,0.498506,0.486812,0.044115,0.099093,0.170584,0.265680,0.096427,10.201421,1.834109,5.048509
120,us_sector_etf,ledoit_wolf,max_diversification,monthly,10.000000,median_bulk,0.536391,0.521324,0.045779,0.094722,0.167029,0.282994,0.119026,6.302892,2.120352,4.379928
120,us_sector_etf,constant_corr,equal_weight,monthly,10.000000,median_bulk,0.750547,0.748840,0.102474,0.145679,0.220277,0.466433,0.020576,12.557246,1.441513,36.393678
120,us_sector_etf,constant_corr,inverse_variance,monthly,10.000000,median_bulk,0.473073,0.467777,0.044821,0.106409,0.179372,0.253175,0.047389,13.811182,1.718638,9.870999
120,us_sector_etf,constant_corr,minimum_variance,monthly,10.000000,median_bulk,0.496449,0.483641,0.040716,0.091342,0.163480,0.256444,0.096701,5.420008,1.922006,5.001426
120,us_sector_etf,constant_corr,risk_parity,monthly,10.000000,median_bulk,0.577821,0.572686,0.055272,0.103735,0.188857,0.295657,0.044899,16.000000,1.812822,12.754958
120,us_sector_etf,constant_corr,hrp,monthly,10.000000,median_bulk,0.396174,0.384323,0.031902,0.093372,0.182298,0.181271,0.092541,8.929102,1.742085,4.153017
120,us_sector_etf,constant_corr,max_diversification,monthly,10.000000,median_bulk,0.518817,0.496390,0.041919,0.091283,0.177478,0.248158,0.170137,5.303803,2.079631,2.917583
120,us_sector_etf,rmt_hard,equal_weight,monthly,10.000000,median_bulk,0.750547,0.748840,0.102474,0.145679,0.220277,0.466433,0.020576,12.527660,1.438786,36.393678
120,us_sector_etf,rmt_hard,inverse_variance,monthly,10.000000,median_bulk,0.470421,0.465035,0.044875,0.107400,0.177863,0.255710,0.048613,13.829029,1.718432,9.566128
120,us_sector_etf,rmt_hard,minimum_variance,monthly,10.000000,median_bulk,0.510833,0.497113,0.041769,0.090799,0.162584,0.264813,0.102861,5.260331,1.940777,4.832853
120,us_sector_etf,rmt_hard,risk_parity,monthly,10.000000,median_bulk,0.579417,0.574212,0.055287,0.103426,0.188748,0.295939,0.045291,16.000000,1.821631,12.678301
120,us_sector_etf,rmt_hard,hrp,monthly,10.000000,median_bulk,0.395402,0.383925,0.032144,0.094331,0.183717,0.181062,0.090723,8.999216,1.746670,4.231833
120,us_sector_etf,rmt_hard,max_diversification,monthly,10.000000,median_bulk,0.468507,0.448420,0.037347,0.091234,0.174240,0.225177,0.151753,5.330380,2.100522,2.954932
120,us_sector_etf,rmt_soft,equal_weight,monthly,10.000000,median_bulk,0.750547,0.748840,0.102474,0.145679,0.220277,0.466433,0.020576,12.527072,1.450255,36.393678
120,us_sector_etf,rmt_soft,inverse_variance,monthly,10.000000,median_bulk,0.469072,0.463748,0.044634,0.107141,0.178340,0.253633,0.047970,13.825588,1.734052,9.667408
120,us_sector_etf,rmt_soft,minimum_variance,monthly,10.000000,median_bulk,0.497344,0.484474,0.040768,0.091275,0.163042,0.257478,0.097069,5.391154,1.941074,4.991028
120,us_sector_etf,rmt_soft,risk_parity,monthly,10.000000,median_bulk,0.579916,0.574750,0.055346,0.103426,0.188872,0.296036,0.045010,16.000000,1.832489,12.769429
120,us_sector_etf,rmt_soft,hrp,monthly,10.000000,median_bulk,0.407143,0.395475,0.033061,0.093661,0.181043,0.188858,0.091376,8.917370,1.758967,4.327985
120,us_sector_etf,rmt_soft,max_diversification,monthly,10.000000,median_bulk,0.480290,0.460738,0.038667,0.091657,0.174998,0.231542,0.148784,5.529652,2.098738,3.096688
120,us_sector_etf,rmt_rie,equal_weight,monthly,10.000000,median_bulk,0.750547,0.748840,0.102474,0.145679,0.220277,0.466433,0.020576,12.555026,1.496985,36.393678
120,us_sector_etf,rmt_rie,inverse_variance,monthly,10.000000,median_bulk,0.471096,0.465744,0.044536,0.106226,0.181174,0.249107,0.047755,13.706830,1.771643,9.752756
120,us_sector_etf,rmt_rie,minimum_variance,monthly,10.000000,median_bulk,0.491340,0.479099,0.040478,0.091836,0.165372,0.251818,0.093483,5.662045,1.962457,5.125008
120,us_sector_etf,rmt_rie,risk_parity,monthly,10.000000,median_bulk,0.577486,0.572460,0.055485,0.104222,0.189541,0.295665,0.044082,16.000000,1.866924,12.986390
120,us_sector_etf,rmt_rie,hrp,monthly,10.000000,median_bulk,0.388994,0.376745,0.031177,0.093374,0.179359,0.180416,0.095832,8.874184,1.795515,3.931294
120,us_sector_etf,rmt_rie,max_diversification,monthly,10.000000,median_bulk,0.544652,0.523762,0.043999,0.090144,0.173216,0.265383,0.157714,6.010670,2.114556,3.320950
120,us_sector_etf,factor_model,equal_weight,monthly,10.000000,median_bulk,0.750547,0.748840,0.102474,0.145679,0.220277,0.466433,0.020576,12.517910,1.424813,36.393678
120,us_sector_etf,factor_model,inverse_variance,monthly,10.000000,median_bulk,0.473073,0.467777,0.044821,0.106409,0.179372,0.253175,0.047389,13.496563,1.748116,9.870999
120,us_sector_etf,factor_model,minimum_variance,monthly,10.000000,median_bulk,0.548107,0.533531,0.045662,0.091765,0.161148,0.291966,0.110806,5.239295,2.105556,4.815017
120,us_sector_etf,factor_model,risk_parity,monthly,10.000000,median_bulk,0.553135,0.547328,0.050911,0.100254,0.188980,0.272644,0.048853,16.000000,1.952141,11.203680
120,us_sector_etf,factor_model,hrp,monthly,10.000000,median_bulk,0.341537,0.330417,0.026637,0.092977,0.201731,0.137328,0.086893,8.552162,1.800606,3.802562
120,us_sector_etf,factor_model,max_diversification,monthly,10.000000,median_bulk,0.468010,0.452408,0.035179,0.084463,0.160021,0.228322,0.109421,4.880890,2.386528,4.134550
252,us_sector_etf,sample,equal_weight,monthly,10.000000,median_bulk,0.634706,0.633246,0.094778,0.167495,0.280438,0.338928,0.020799,12.755547,1.405249,30.446443
252,us_sector_etf,sample,inverse_variance,monthly,10.000000,median_bulk,0.366133,0.362866,0.036442,0.119183,0.190198,0.193743,0.033023,14.264592,1.679073,10.988413
252,us_sector_etf,sample,minimum_variance,monthly,10.000000,median_bulk,0.328913,0.322476,0.028639,0.105165,0.174860,0.167825,0.057698,5.255054,1.838559,5.589045
252,us_sector_etf,sample,risk_parity,monthly,10.000000,median_bulk,0.457905,0.454877,0.046300,0.114553,0.178762,0.261050,0.029391,16.000000,1.756337,15.476710
252,us_sector_etf,sample,hrp,monthly,10.000000,median_bulk,0.261403,0.253255,0.021001,0.104027,0.208919,0.104676,0.071022,9.118829,1.727691,3.565846
252,us_sector_etf,sample,max_diversification,monthly,10.000000,median_bulk,0.380793,0.369596,0.031211,0.096019,0.166206,0.194521,0.090944,5.359632,1.990132,4.064003
252,us_sector_etf,ledoit_wolf,equal_weight,monthly,10.000000,median_bulk,0.634706,0.633246,0.094778,0.167495,0.280438,0.338928,0.020799,12.783246,1.435755,30.446443
252,us_sector_etf,ledoit_wolf,inverse_variance,monthly,10.000000,median_bulk,0.476187,0.473390,0.052943,0.126882,0.198953,0.268019,0.030448,14.324762,1.669094,15.547718
252,us_sector_etf,ledoit_wolf,minimum_variance,monthly,10.000000,median_bulk,0.343222,0.337042,0.030295,0.105498,0.174512,0.177500,0.055529,5.494402,1.884278,6.069615
252,us_sector_etf,ledoit_wolf,risk_parity,monthly,10.000000,median_bulk,0.500901,0.498167,0.053234,0.118933,0.178823,0.299624,0.027602,16.000000,1.788891,18.048556
252,us_sector_etf,ledoit_wolf,hrp,monthly,10.000000,median_bulk,0.357647,0.349794,0.032744,0.109903,0.183810,0.183002,0.072332,10.126961,1.780737,4.835919
252,us_sector_etf,ledoit_wolf,max_diversification,monthly,10.000000,median_bulk,0.398655,0.390130,0.035693,0.104318,0.160216,0.228582,0.075296,6.188832,2.012163,5.181264
252,us_sector_etf,constant_corr,equal_weight,monthly,10.000000,median_bulk,0.634706,0.633246,0.094778,0.167495,0.280438,0.338928,0.020799,12.775402,1.406074,30.446443
252,us_sector_etf,constant_corr,inverse_variance,monthly,10.000000,median_bulk,0.366133,0.362866,0.036442,0.119183,0.190198,0.193743,0.033023,14.281139,1.676448,10.988413
252,us_sector_etf,constant_corr,minimum_variance,monthly,10.000000,median_bulk,0.326421,0.320008,0.028370,0.105139,0.174781,0.166339,0.057452,5.263357,1.830250,5.569988
252,us_sector_etf,constant_corr,risk_parity,monthly,10.000000,median_bulk,0.458295,0.455280,0.046482,0.114935,0.178790,0.262027,0.029344,16.000000,1.750906,15.515454
252,us_sector_etf,constant_corr,hrp,monthly,10.000000,median_bulk,0.257192,0.249202,0.020623,0.104380,0.215209,0.099794,0.069879,9.114945,1.724388,3.566195
252,us_sector_etf,constant_corr,max_diversification,monthly,10.000000,median_bulk,0.382239,0.371250,0.031705,0.097198,0.166116,0.197555,0.090276,5.422083,1.980820,4.112398
252,us_sector_etf,rmt_hard,equal_weight,monthly,10.000000,median_bulk,0.634706,0.633246,0.094778,0.167495,0.280438,0.338928,0.020799,12.755473,1.403608,30.446443
252,us_sector_etf,rmt_hard,inverse_variance,monthly,10.000000,median_bulk,0.360213,0.356878,0.036018,0.120595,0.194769,0.187087,0.034118,14.287113,1.677486,10.460203
252,us_sector_etf,rmt_hard,minimum_variance,monthly,10.000000,median_bulk,0.325019,0.318401,0.028450,0.106402,0.173133,0.168574,0.060202,5.175349,1.842153,5.288840
252,us_sector_etf,rmt_hard,risk_parity,monthly,10.000000,median_bulk,0.458081,0.455051,0.046321,0.114553,0.178625,0.261370,0.029402,16.000000,1.757374,15.476692
252,us_sector_etf,rmt_hard,hrp,monthly,10.000000,median_bulk,0.278358,0.269514,0.022882,0.105011,0.210231,0.113387,0.078214,9.233026,1.727118,3.445853
252,us_sector_etf,rmt_hard,max_diversification,monthly,10.000000,median_bulk,0.381131,0.369473,0.031435,0.096889,0.160519,0.203143,0.095182,5.396956,1.992306,3.881770
252,us_sector_etf,rmt_soft,equal_weight,monthly,10.000000,median_bulk,0.634706,0.633246,0.094778,0.167495,0.280438,0.338928,0.020799,12.755020,1.411335,30.446443
252,us_sector_etf,rmt_soft,inverse_variance,monthly,10.000000,median_bulk,0.361200,0.357915,0.036016,0.120013,0.193192,0.188559,0.033432,14.296103,1.688007,10.705681
252,us_sector_etf,rmt_soft,minimum_variance,monthly,10.000000,median_bulk,0.331070,0.324704,0.028922,0.105367,0.174027,0.170215,0.057170,5.245282,1.842690,5.679591
252,us_sector_etf,rmt_soft,risk_parity,monthly,10.000000,median_bulk,0.457923,0.454899,0.046305,0.114562,0.178716,0.261148,0.029361,16.000000,1.764388,15.493269
252,us_sector_etf,rmt_soft,hrp,monthly,10.000000,median_bulk,0.257787,0.249683,0.020658,0.104289,0.213509,0.100817,0.071286,9.144316,1.737238,3.502530
252,us_sector_etf,rmt_soft,max_diversification,monthly,10.000000,median_bulk,0.382501,0.371160,0.031563,0.096753,0.163538,0.199969,0.092460,5.536094,1.992488,4.014293
252,us_sector_etf,rmt_rie,equal_weight,monthly,10.000000,median_bulk,0.634706,0.633246,0.094778,0.167495,0.280438,0.338928,0.020799,12.756594,1.439244,30.446443
252,us_sector_etf,rmt_rie,inverse_variance,monthly,10.000000,median_bulk,0.364592,0.361297,0.036130,0.118651,0.188095,0.194256,0.033114,14.217968,1.714996,10.910817
252,us_sector_etf,rmt_rie,minimum_variance,monthly,10.000000,median_bulk,0.308419,0.301971,0.026493,0.105464,0.179499,0.151534,0.057859,5.416796,1.863382,5.219095
252,us_sector_etf,rmt_rie,risk_parity,monthly,10.000000,median_bulk,0.454272,0.451257,0.046023,0.114998,0.180069,0.257617,0.029351,16.000000,1.790534,15.374766
252,us_sector_etf,rmt_rie,hrp,monthly,10.000000,median_bulk,0.257987,0.249946,0.020614,0.103706,0.210205,0.102123,0.069747,9.073136,1.759708,3.583593
252,us_sector_etf,rmt_rie,max_diversification,monthly,10.000000,median_bulk,0.382505,0.371661,0.032218,0.098866,0.168011,0.198391,0.090357,5.935737,2.008388,4.113247
252,us_sector_etf,factor_model,equal_weight,monthly,10.000000,median_bulk,0.634706,0.633246,0.094778,0.167495,0.280438,0.338928,0.020799,12.737695,1.391222,30.446443
252,us_sector_etf,factor_model,inverse_variance,monthly,10.000000,median_bulk,0.366133,0.362866,0.036442,0.119183,0.190198,0.193743,0.033023,13.709883,1.700450,10.988413
252,us_sector_etf,factor_model,minimum_variance,monthly,10.000000,median_bulk,0.391896,0.384057,0.034085,0.100735,0.169284,0.206237,0.067090,4.983953,2.027620,5.724485
252,us_sector_etf,factor_model,risk_parity,monthly,10.000000,median_bulk,0.428935,0.425542,0.041241,0.109548,0.180261,0.230946,0.031364,16.000000,1.889860,13.567769
252,us_sector_etf,factor_model,hrp,monthly,10.000000,median_bulk,0.215847,0.207300,0.015916,0.101487,0.214881,0.078182,0.072787,8.627401,1.784311,2.848048
252,us_sector_etf,factor_model,max_diversification,monthly,10.000000,median_bulk,0.307681,0.299775,0.022629,0.087640,0.155539,0.150072,0.058327,4.783840,2.310492,5.139548
500,us_sector_etf,sample,equal_weight,monthly,10.000000,median_bulk,0.888864,0.886820,0.105883,0.122270,0.180522,0.588132,0.022029,12.974791,1.360998,40.257720
500,us_sector_etf,sample,inverse_variance,monthly,10.000000,median_bulk,0.471717,0.468666,0.039851,0.092560,0.186731,0.215017,0.024173,14.661204,1.640530,19.388217
500,us_sector_etf,sample,minimum_variance,monthly,10.000000,median_bulk,0.411536,0.406633,0.030075,0.080946,0.171274,0.178023,0.033861,5.101308,1.755602,12.008896
500,us_sector_etf,sample,risk_parity,monthly,10.000000,median_bulk,0.513158,0.510183,0.045129,0.095521,0.193962,0.234226,0.024285,16.000000,1.706130,21.007896
500,us_sector_etf,sample,hrp,monthly,10.000000,median_bulk,0.293038,0.285840,0.020509,0.083019,0.186508,0.113263,0.050509,9.320494,1.707492,5.659204
500,us_sector_etf,sample,max_diversification,monthly,10.000000,median_bulk,0.351761,0.343047,0.025918,0.085147,0.203593,0.131020,0.061477,5.569275,1.907865,5.580132
500,us_sector_etf,ledoit_wolf,equal_weight,monthly,10.000000,median_bulk,0.888864,0.886820,0.105883,0.122270,0.180522,0.588132,0.022029,12.991664,1.381192,40.257720
500,us_sector_etf,ledoit_wolf,inverse_variance,monthly,10.000000,median_bulk,0.571164,0.568377,0.050612,0.094891,0.182306,0.279199,0.023039,14.459195,1.619146,24.669713
500,us_sector_etf,ledoit_wolf,minimum_variance,monthly,10.000000,median_bulk,0.421500,0.416594,0.030861,0.080827,0.171426,0.182461,0.033936,5.245346,1.789696,12.276020
500,us_sector_etf,ledoit_wolf,risk_parity,monthly,10.000000,median_bulk,0.548786,0.545988,0.049179,0.096553,0.193947,0.255071,0.023344,16.000000,1.727835,23.389243
500,us_sector_etf,ledoit_wolf,hrp,monthly,10.000000,median_bulk,0.400809,0.393959,0.029861,0.083556,0.171246,0.177873,0.048790,10.079748,1.743608,8.074571
500,us_sector_etf,ledoit_wolf,max_diversification,monthly,10.000000,median_bulk,0.408403,0.400881,0.030760,0.084482,0.194650,0.161379,0.052827,6.015196,1.927562,7.588639
500,us_sector_etf,constant_corr,equal_weight,monthly,10.000000,median_bulk,0.888864,0.886820,0.105883,0.122270,0.180522,0.588132,0.022029,12.991498,1.361841,40.257720
500,us_sector_etf,constant_corr,inverse_variance,monthly,10.000000,median_bulk,0.471717,0.468666,0.039851,0.092560,0.186731,0.215017,0.024173,14.685898,1.636783,19.388218
500,us_sector_etf,constant_corr,minimum_variance,monthly,10.000000,median_bulk,0.409772,0.404836,0.029932,0.080966,0.171084,0.177402,0.034094,5.096309,1.746827,11.874010
500,us_sector_etf,constant_corr,risk_parity,monthly,10.000000,median_bulk,0.516194,0.513230,0.045442,0.095545,0.193730,0.236121,0.024224,16.000000,1.699318,21.187111
500,us_sector_etf,constant_corr,hrp,monthly,10.000000,median_bulk,0.305959,0.299477,0.021531,0.082406,0.178196,0.123915,0.045100,9.356914,1.703472,6.640354
500,us_sector_etf,constant_corr,max_diversification,monthly,10.000000,median_bulk,0.353913,0.345288,0.026142,0.085255,0.203382,0.132226,0.060914,5.657861,1.898410,5.668461
500,us_sector_etf,rmt_hard,equal_weight,monthly,10.000000,median_bulk,0.888864,0.886820,0.105883,0.122270,0.180522,0.588132,0.022029,12.974818,1.359420,40.257720
500,us_sector_etf,rmt_hard,inverse_variance,monthly,10.000000,median_bulk,0.473778,0.470690,0.040177,0.092895,0.186687,0.216841,0.024550,14.692827,1.639727,19.172929
500,us_sector_etf,rmt_hard,minimum_variance,monthly,10.000000,median_bulk,0.405283,0.400137,0.029543,0.080977,0.172181,0.174120,0.035600,5.091763,1.755817,11.239943
500,us_sector_etf,rmt_hard,risk_parity,monthly,10.000000,median_bulk,0.513496,0.510523,0.045153,0.095498,0.193885,0.234442,0.024266,16.000000,1.706870,21.038265
500,us_sector_etf,rmt_hard,hrp,monthly,10.000000,median_bulk,0.312531,0.305336,0.022332,0.083788,0.185114,0.124012,0.051213,9.427466,1.709224,5.962086
500,us_sector_etf,rmt_hard,max_diversification,monthly,10.000000,median_bulk,0.326502,0.317405,0.023434,0.084089,0.201826,0.119984,0.063701,5.594637,1.906735,4.982741
500,us_sector_etf,rmt_soft,equal_weight,monthly,10.000000,median_bulk,0.888864,0.886820,0.105883,0.122270,0.180522,0.588132,0.022029,12.974342,1.365689,40.257720
500,us_sector_etf,rmt_soft,inverse_variance,monthly,10.000000,median_bulk,0.471482,0.468417,0.039839,0.092589,0.186632,0.215074,0.024297,14.692094,1.647807,19.278513
500,us_sector_etf,rmt_soft,minimum_variance,monthly,10.000000,median_bulk,0.407382,0.402431,0.029716,0.080918,0.171521,0.175696,0.034197,5.111244,1.757341,11.767865
500,us_sector_etf,rmt_soft,risk_parity,monthly,10.000000,median_bulk,0.513359,0.510386,0.045142,0.095505,0.193912,0.234354,0.024269,16.000000,1.712021,21.030122
500,us_sector_etf,rmt_soft,hrp,monthly,10.000000,median_bulk,0.313018,0.306405,0.022113,0.082409,0.181408,0.124997,0.046111,9.328159,1.714917,6.644945
500,us_sector_etf,rmt_soft,max_diversification,monthly,10.000000,median_bulk,0.348903,0.340192,0.025602,0.084887,0.202830,0.129950,0.061447,5.690635,1.909268,5.536336
500,us_sector_etf,rmt_rie,equal_weight,monthly,10.000000,median_bulk,0.888864,0.886820,0.105883,0.122270,0.180522,0.588132,0.022029,12.972539,1.380654,40.257720
500,us_sector_etf,rmt_rie,inverse_variance,monthly,10.000000,median_bulk,0.467308,0.464154,0.039481,0.092722,0.186978,0.212808,0.025016,14.645935,1.662766,18.554241
500,us_sector_etf,rmt_rie,minimum_variance,monthly,10.000000,median_bulk,0.398180,0.393046,0.028920,0.080875,0.171348,0.171324,0.035560,5.176467,1.782044,11.053165
500,us_sector_etf,rmt_rie,risk_parity,monthly,10.000000,median_bulk,0.511138,0.508177,0.044979,0.095637,0.194050,0.233341,0.024203,16.000000,1.728653,20.996819
500,us_sector_etf,rmt_rie,hrp,monthly,10.000000,median_bulk,0.297005,0.288767,0.020803,0.083278,0.185142,0.116225,0.058902,9.377798,1.727840,4.902481
500,us_sector_etf,rmt_rie,max_diversification,monthly,10.000000,median_bulk,0.357869,0.347923,0.026335,0.085117,0.202913,0.134047,0.070227,5.924895,1.926039,4.954255
500,us_sector_etf,factor_model,equal_weight,monthly,10.000000,median_bulk,0.888864,0.886820,0.105883,0.122270,0.180522,0.588132,0.022029,12.960504,1.349283,40.257720
500,us_sector_etf,factor_model,inverse_variance,monthly,10.000000,median_bulk,0.471717,0.468666,0.039851,0.092560,0.186731,0.215017,0.024173,13.639241,1.673105,19.388218
500,us_sector_etf,factor_model,minimum_variance,monthly,10.000000,median_bulk,0.494806,0.488225,0.034218,0.074681,0.146196,0.237615,0.042182,5.036449,1.956608,11.574144
500,us_sector_etf,factor_model,risk_parity,monthly,10.000000,median_bulk,0.446986,0.443838,0.037684,0.093130,0.194920,0.194917,0.025044,16.000000,1.899390,17.722280
500,us_sector_etf,factor_model,hrp,monthly,10.000000,median_bulk,0.212344,0.205876,0.013838,0.083555,0.205038,0.070165,0.045217,8.571118,1.802580,4.553112
500,us_sector_etf,factor_model,max_diversification,monthly,10.000000,median_bulk,0.345395,0.339290,0.022041,0.071857,0.155321,0.144829,0.037254,4.890712,2.279463,9.107432
756,us_sector_etf,sample,equal_weight,monthly,10.000000,median_bulk,0.664666,0.662341,0.071559,0.114472,0.174726,0.411196,0.022566,13.004171,1.355160,29.351793
756,us_sector_etf,sample,inverse_variance,monthly,10.000000,median_bulk,0.449944,0.446904,0.036065,0.087950,0.186962,0.194424,0.023170,14.750240,1.604727,19.287865
756,us_sector_etf,sample,minimum_variance,monthly,10.000000,median_bulk,0.427827,0.423794,0.033112,0.085494,0.195263,0.171444,0.029667,5.074142,1.725231,14.285044
756,us_sector_etf,sample,risk_parity,monthly,10.000000,median_bulk,0.489916,0.486933,0.041068,0.091247,0.198421,0.208444,0.023606,16.000000,1.669860,20.627808
756,us_sector_etf,sample,hrp,monthly,10.000000,median_bulk,0.385007,0.378947,0.027683,0.080617,0.186552,0.151136,0.041839,9.642976,1.683929,9.057369
756,us_sector_etf,sample,max_diversification,monthly,10.000000,median_bulk,0.355714,0.348896,0.028307,0.092087,0.211141,0.137139,0.052829,5.479989,1.872028,6.604316
756,us_sector_etf,ledoit_wolf,equal_weight,monthly,10.000000,median_bulk,0.664666,0.662341,0.071559,0.114472,0.174726,0.411196,0.022566,13.015910,1.369121,29.351793
756,us_sector_etf,ledoit_wolf,inverse_variance,monthly,10.000000,median_bulk,0.471720,0.468813,0.039003,0.090364,0.185766,0.211468,0.022726,14.626743,1.595677,20.629038
756,us_sector_etf,ledoit_wolf,minimum_variance,monthly,10.000000,median_bulk,0.416507,0.412524,0.032110,0.085467,0.196548,0.165201,0.029286,5.160448,1.749352,14.086045
756,us_sector_etf,ledoit_wolf,risk_parity,monthly,10.000000,median_bulk,0.492583,0.489705,0.041784,0.092349,0.200069,0.210272,0.023049,16.000000,1.687318,21.246570
756,us_sector_etf,ledoit_wolf,hrp,monthly,10.000000,median_bulk,0.427658,0.420415,0.031624,0.082074,0.185068,0.174240,0.050525,10.220031,1.704225,8.320865
756,us_sector_etf,ledoit_wolf,max_diversification,monthly,10.000000,median_bulk,0.389524,0.383414,0.030594,0.088863,0.198055,0.157334,0.046149,5.901684,1.886339,8.308208
756,us_sector_etf,constant_corr,equal_weight,monthly,10.000000,median_bulk,0.664666,0.662341,0.071559,0.114472,0.174726,0.411196,0.022566,13.015207,1.355760,29.351793
756,us_sector_etf,constant_corr,inverse_variance,monthly,10.000000,median_bulk,0.449944,0.446904,0.036065,0.087950,0.186962,0.194424,0.023170,14.764741,1.602302,19.287865
756,us_sector_etf,constant_corr,minimum_variance,monthly,10.000000,median_bulk,0.428411,0.424383,0.033163,0.085492,0.195126,0.171824,0.029631,5.070466,1.719073,14.322070
756,us_sector_etf,constant_corr,risk_parity,monthly,10.000000,median_bulk,0.490830,0.487853,0.041169,0.091281,0.198134,0.209254,0.023573,16.000000,1.665224,20.695382
756,us_sector_etf,constant_corr,hrp,monthly,10.000000,median_bulk,0.391959,0.385947,0.028202,0.080427,0.184847,0.155316,0.041465,9.652725,1.680911,9.307842
756,us_sector_etf,constant_corr,max_diversification,monthly,10.000000,median_bulk,0.364982,0.358227,0.029084,0.091707,0.208351,0.142674,0.052273,5.534798,1.865637,6.853072
756,us_sector_etf,rmt_hard,equal_weight,monthly,10.000000,median_bulk,0.664666,0.662341,0.071559,0.114472,0.174726,0.411196,0.022566,13.004285,1.353607,29.351793
756,us_sector_etf,rmt_hard,inverse_variance,monthly,10.000000,median_bulk,0.452912,0.449855,0.036394,0.088115,0.186821,0.196347,0.023335,14.783566,1.604172,19.278460
756,us_sector_etf,rmt_hard,minimum_variance,monthly,10.000000,median_bulk,0.425583,0.421503,0.032918,0.085519,0.195284,0.170457,0.030028,5.044165,1.726670,14.036770
756,us_sector_etf,rmt_hard,risk_parity,monthly,10.000000,median_bulk,0.490065,0.487083,0.041075,0.091231,0.198402,0.208501,0.023597,16.000000,1.670566,20.641517
756,us_sector_etf,rmt_hard,hrp,monthly,10.000000,median_bulk,0.356183,0.348338,0.025279,0.081060,0.187503,0.138330,0.053799,9.767645,1.686772,6.474768
756,us_sector_etf,rmt_hard,max_diversification,monthly,10.000000,median_bulk,0.324620,0.317730,0.025067,0.090799,0.210332,0.122248,0.052685,5.541150,1.869515,6.030756
756,us_sector_etf,rmt_soft,equal_weight,monthly,10.000000,median_bulk,0.664666,0.662341,0.071559,0.114472,0.174726,0.411196,0.022566,13.003810,1.359953,29.351793
756,us_sector_etf,rmt_soft,inverse_variance,monthly,10.000000,median_bulk,0.449749,0.446697,0.036040,0.087934,0.186854,0.194408,0.023252,14.780473,1.612270,19.211508
756,us_sector_etf,rmt_soft,minimum_variance,monthly,10.000000,median_bulk,0.427485,0.423440,0.033081,0.085495,0.195261,0.171292,0.029754,5.071522,1.727784,14.231566
756,us_sector_etf,rmt_soft,risk_parity,monthly,10.000000,median_bulk,0.489971,0.486988,0.041069,0.091236,0.198408,0.208462,0.023599,16.000000,1.675617,20.636195
756,us_sector_etf,rmt_soft,hrp,monthly,10.000000,median_bulk,0.386743,0.380806,0.027894,0.080799,0.186648,0.152136,0.040985,9.660914,1.689418,9.291356
756,us_sector_etf,rmt_soft,max_diversification,monthly,10.000000,median_bulk,0.348793,0.342082,0.027470,0.091337,0.210275,0.133650,0.051515,5.592157,1.872840,6.640501
756,us_sector_etf,rmt_rie,equal_weight,monthly,10.000000,median_bulk,0.664666,0.662341,0.071559,0.114472,0.174726,0.411196,0.022566,13.002788,1.372803,29.351793
756,us_sector_etf,rmt_rie,inverse_variance,monthly,10.000000,median_bulk,0.445937,0.442721,0.035729,0.088071,0.187263,0.192408,0.024539,14.718093,1.622916,18.041486
756,us_sector_etf,rmt_rie,minimum_variance,monthly,10.000000,median_bulk,0.399562,0.395192,0.030527,0.085285,0.194777,0.158748,0.032114,5.095752,1.750141,12.305812
756,us_sector_etf,rmt_rie,risk_parity,monthly,10.000000,median_bulk,0.489278,0.486286,0.041019,0.091277,0.198272,0.208359,0.023679,16.000000,1.689661,20.536773
756,us_sector_etf,rmt_rie,hrp,monthly,10.000000,median_bulk,0.372397,0.363875,0.026688,0.081498,0.186162,0.147265,0.059507,9.628289,1.705117,6.114816
756,us_sector_etf,rmt_rie,max_diversification,monthly,10.000000,median_bulk,0.372332,0.363575,0.029543,0.091573,0.206770,0.146924,0.068137,5.729762,1.889491,5.335912
756,us_sector_etf,factor_model,equal_weight,monthly,10.000000,median_bulk,0.664666,0.662341,0.071559,0.114472,0.174726,0.411196,0.022566,12.985271,1.344311,29.351793
756,us_sector_etf,factor_model,inverse_variance,monthly,10.000000,median_bulk,0.449944,0.446904,0.036065,0.087950,0.186962,0.194424,0.023170,13.898440,1.629879,19.287865
756,us_sector_etf,factor_model,minimum_variance,monthly,10.000000,median_bulk,0.410648,0.405787,0.029997,0.080878,0.182855,0.166287,0.033335,5.176293,1.956273,12.173039
756,us_sector_etf,factor_model,risk_parity,monthly,10.000000,median_bulk,0.447779,0.444628,0.036210,0.088900,0.203970,0.178992,0.024280,16.000000,1.846793,18.312547
756,us_sector_etf,factor_model,hrp,monthly,10.000000,median_bulk,0.297040,0.291069,0.020855,0.082531,0.193924,0.110184,0.042189,8.645149,1.793997,6.899234
756,us_sector_etf,factor_model,max_diversification,monthly,10.000000,median_bulk,0.249886,0.245381,0.016563,0.079771,0.179181,0.094491,0.030286,4.901604,2.236846,8.102132
