estimator,allocator,pred_vol_mean,real_vol_mean,bias_pct,mae_vol,rmse_vol,qlike,mse_var,corr_pred_real,avg_enb,sample_avg_cond,sample_avg_eff_rank,q,n
constant_corr,equal_weight,0.009464,0.008177,15.738204,0.003294,0.004690,0.667262,0.000000,0.099898,23.629960,241.305016,11.405472,0.250000,36
constant_corr,hrp,0.007274,0.006609,10.058032,0.002267,0.003273,0.457142,0.000000,0.153399,23.054203,241.305016,11.405472,0.250000,36
constant_corr,inverse_variance,0.007553,0.006713,12.526318,0.002485,0.003548,0.560507,0.000000,0.122564,24.734183,241.305016,11.405472,0.250000,36
constant_corr,max_diversification,0.007222,0.007107,1.617499,0.001932,0.002713,0.207224,0.000000,0.329248,10.486962,241.305016,11.405472,0.250000,36
constant_corr,minimum_variance,0.006122,0.006274,-2.420992,0.001658,0.002301,0.219943,0.000000,0.204702,8.559943,241.305016,11.405472,0.250000,36
constant_corr,risk_parity,0.007793,0.006986,11.554455,0.002529,0.003650,0.524954,0.000000,0.172641,30.000000,241.305016,11.405472,0.250000,36
factor_model,equal_weight,0.009650,0.008177,18.019352,0.003379,0.004740,0.699060,0.000000,0.102193,22.710310,241.305016,11.405472,0.250000,36
factor_model,hrp,0.006665,0.006519,2.238088,0.002251,0.003136,0.401140,0.000000,0.178423,22.077308,241.305016,11.405472,0.250000,36
factor_model,inverse_variance,0.007383,0.006713,9.994005,0.002477,0.003532,0.557211,0.000000,0.127047,25.333507,241.305016,11.405472,0.250000,36
factor_model,max_diversification,0.005959,0.006596,-9.655118,0.001936,0.002744,0.246345,0.000000,0.274127,10.032356,241.305016,11.405472,0.250000,36
factor_model,minimum_variance,0.005196,0.006337,-17.998087,0.001824,0.002575,0.258487,0.000000,0.179033,8.081188,241.305016,11.405472,0.250000,36
factor_model,risk_parity,0.007378,0.006781,8.805870,0.002575,0.003581,0.519606,0.000000,0.196375,30.000000,241.305016,11.405472,0.250000,36
ledoit_wolf,equal_weight,0.008693,0.008177,6.314748,0.002868,0.004374,0.526474,0.000000,0.066016,23.881205,241.305016,11.405472,0.250000,36
ledoit_wolf,hrp,0.006941,0.006709,3.454535,0.002122,0.003195,0.387787,0.000000,0.133339,24.091966,241.305016,11.405472,0.250000,36
ledoit_wolf,inverse_variance,0.007332,0.006954,5.422365,0.002332,0.003586,0.518183,0.000000,0.097705,26.613701,241.305016,11.405472,0.250000,36
ledoit_wolf,max_diversification,0.006703,0.006870,-2.443328,0.001852,0.002749,0.224362,0.000000,0.226000,13.603482,241.305016,11.405472,0.250000,36
ledoit_wolf,minimum_variance,0.006102,0.006237,-2.174353,0.001636,0.002435,0.232331,0.000000,0.185227,11.675973,241.305016,11.405472,0.250000,36
ledoit_wolf,risk_parity,0.007307,0.007047,3.683576,0.002322,0.003509,0.440445,0.000000,0.127066,30.000000,241.305016,11.405472,0.250000,36
rmt_hard,equal_weight,0.009501,0.008177,16.190166,0.003317,0.004706,0.675289,0.000000,0.101336,23.543008,241.305016,11.405472,0.250000,36
rmt_hard,hrp,0.007282,0.006656,9.416371,0.002304,0.003355,0.445887,0.000000,0.162992,22.804674,241.305016,11.405472,0.250000,36
rmt_hard,inverse_variance,0.007522,0.006697,12.308212,0.002472,0.003528,0.551953,0.000000,0.124417,24.645307,241.305016,11.405472,0.250000,36
rmt_hard,max_diversification,0.007171,0.007153,0.251875,0.001968,0.002758,0.218575,0.000000,0.310241,10.677384,241.305016,11.405472,0.250000,36
rmt_hard,minimum_variance,0.006060,0.006321,-4.126553,0.001701,0.002352,0.223781,0.000000,0.187116,8.339730,241.305016,11.405472,0.250000,36
rmt_hard,risk_parity,0.007793,0.006975,11.724144,0.002545,0.003661,0.531511,0.000000,0.166455,30.000000,241.305016,11.405472,0.250000,36
rmt_rie,equal_weight,0.008581,0.008177,4.937770,0.002905,0.004398,0.520920,0.000000,0.098959,23.473424,241.305016,11.405472,0.250000,36
rmt_rie,hrp,0.006606,0.006619,-0.199659,0.002092,0.003129,0.348346,0.000000,0.136479,23.182969,241.305016,11.405472,0.250000,36
rmt_rie,inverse_variance,0.006832,0.006714,1.760177,0.002232,0.003366,0.437264,0.000000,0.123517,24.739317,241.305016,11.405472,0.250000,36
rmt_rie,max_diversification,0.006565,0.006987,-6.045126,0.001881,0.002743,0.198408,0.000000,0.291287,12.404584,241.305016,11.405472,0.250000,36
rmt_rie,minimum_variance,0.005594,0.006259,-10.618404,0.001678,0.002395,0.207393,0.000000,0.199734,9.325017,241.305016,11.405472,0.250000,36
rmt_rie,risk_parity,0.007062,0.006988,1.063522,0.002355,0.003478,0.416330,0.000000,0.163989,30.000000,241.305016,11.405472,0.250000,36
rmt_soft,equal_weight,0.009508,0.008177,16.275456,0.003317,0.004706,0.675642,0.000000,0.101255,23.533393,241.305016,11.405472,0.250000,36
rmt_soft,hrp,0.007295,0.006638,9.886972,0.002313,0.003308,0.449399,0.000000,0.156687,22.765133,241.305016,11.405472,0.250000,36
rmt_soft,inverse_variance,0.007548,0.006697,12.706892,0.002481,0.003536,0.556773,0.000000,0.124748,24.627232,241.305016,11.405472,0.250000,36
rmt_soft,max_diversification,0.007235,0.007067,2.370429,0.001945,0.002758,0.221329,0.000000,0.308222,11.368942,241.305016,11.405472,0.250000,36
rmt_soft,minimum_variance,0.006134,0.006264,-2.064490,0.001651,0.002331,0.221432,0.000000,0.195051,8.789314,241.305016,11.405472,0.250000,36
rmt_soft,risk_parity,0.007809,0.006974,11.977327,0.002542,0.003661,0.532989,0.000000,0.166009,30.000000,241.305016,11.405472,0.250000,36
sample,equal_weight,0.009506,0.008177,16.255438,0.003316,0.004706,0.675457,0.000000,0.101371,23.543413,241.305016,11.405472,0.250000,36
sample,hrp,0.007303,0.006606,10.548192,0.002277,0.003278,0.462787,0.000000,0.152100,22.941100,241.305016,11.405472,0.250000,36
sample,inverse_variance,0.007586,0.006713,13.009408,0.002501,0.003561,0.567516,0.000000,0.122175,24.657096,241.305016,11.405472,0.250000,36
sample,max_diversification,0.007203,0.007089,1.618225,0.001961,0.002724,0.214065,0.000000,0.314973,10.148121,241.305016,11.405472,0.250000,36
sample,minimum_variance,0.006116,0.006274,-2.518350,0.001683,0.002339,0.226340,0.000000,0.182608,8.444588,241.305016,11.405472,0.250000,36
sample,risk_parity,0.007807,0.006974,11.947319,0.002542,0.003661,0.532727,0.000000,0.166290,30.000000,241.305016,11.405472,0.250000,36
